country,year,indicator,sub_indicator,sex,unit,value
Brunei,2004,crude_birth_ratio,,,,19.9
Brunei,2005,crude_birth_ratio,,,,18.7
Brunei,2006,crude_birth_ratio,,,,17.0
Brunei,2007,crude_birth_ratio,,,,16.2
Brunei,2008,crude_birth_ratio,,,,17.1
Brunei,2009,crude_birth_ratio,,,,17.4
Brunei,2010,crude_birth_ratio,,,,16.6
Brunei,2011,crude_birth_ratio,,,,17.1
Brunei,2012,crude_birth_ratio,,,,17.3
Brunei,2013,crude_birth_ratio,,,,16.4
Brunei,2014,crude_birth_ratio,,,,16.7
Cambodia,2004,crude_birth_ratio,,,,33.6
Cambodia,2005,crude_birth_ratio,,,,28.5
Cambodia,2006,crude_birth_ratio,,,,28.5
Cambodia,2007,crude_birth_ratio,,,,26.4
Cambodia,2008,crude_birth_ratio,,,,24.7
Cambodia,2009,crude_birth_ratio,,,,24.7
Cambodia,2010,crude_birth_ratio,,,,22.5
Cambodia,2012,crude_birth_ratio,,,,25.9
Cambodia,2013,crude_birth_ratio,,,,25.7
Indonesia,2004,crude_birth_ratio,,,,20.2
Indonesia,2005,crude_birth_ratio,,,,20.1
Indonesia,2006,crude_birth_ratio,,,,17.7
Indonesia,2007,crude_birth_ratio,,,,18.7
Indonesia,2008,crude_birth_ratio,,,,18.6
Indonesia,2009,crude_birth_ratio,,,,18.2
Indonesia,2010,crude_birth_ratio,,,,18.2
Indonesia,2012,crude_birth_ratio,,,,20.4
Indonesia,2013,crude_birth_ratio,,,,18.8
Laos,2004,crude_birth_ratio,,,,34.8
Laos,2005,crude_birth_ratio,,,,34.7
Laos,2006,crude_birth_ratio,,,,33.7
Laos,2007,crude_birth_ratio,,,,32.6
Laos,2008,crude_birth_ratio,,,,31.6
Laos,2009,crude_birth_ratio,,,,30.7
Laos,2010,crude_birth_ratio,,,,22.8
Laos,2012,crude_birth_ratio,,,,28.1
Laos,2013,crude_birth_ratio,,,,27.2
Malaysia,2004,crude_birth_ratio,,,,19.1
Malaysia,2005,crude_birth_ratio,,,,18.5
Malaysia,2006,crude_birth_ratio,,,,18.1
Malaysia,2007,crude_birth_ratio,,,,17.6
Malaysia,2008,crude_birth_ratio,,,,20.4
Malaysia,2009,crude_birth_ratio,,,,20.0
Malaysia,2010,crude_birth_ratio,,,,20.3
Malaysia,2011,crude_birth_ratio,,,,17.1
Malaysia,2012,crude_birth_ratio,,,,17.2
Myanmar,2004,crude_birth_ratio,,,,23.2
Myanmar,2005,crude_birth_ratio,,,,19.5
Myanmar,2006,crude_birth_ratio,,,,17.3
Myanmar,2007,crude_birth_ratio,,,,18.2
Myanmar,2008,crude_birth_ratio,,,,20.5
Myanmar,2009,crude_birth_ratio,,,,20.3
Myanmar,2010,crude_birth_ratio,,,,17.3
Myanmar,2012,crude_birth_ratio,,,,17.4
Myanmar,2013,crude_birth_ratio,,,,17.2
Philippines,2004,crude_birth_ratio,,,,24.6
Philippines,2005,crude_birth_ratio,,,,25.6
Philippines,2006,crude_birth_ratio,,,,24.1
Philippines,2007,crude_birth_ratio,,,,25.8
Philippines,2008,crude_birth_ratio,,,,24.7
Philippines,2009,crude_birth_ratio,,,,24.4
Philippines,2010,crude_birth_ratio,,,,25.1
Philippines,2012,crude_birth_ratio,,,,24.6
Philippines,2013,crude_birth_ratio,,,,24.4
Singapore,2004,crude_birth_ratio,,,,11.4
Singapore,2005,crude_birth_ratio,,,,10.4
Singapore,2006,crude_birth_ratio,,,,10.1
Singapore,2007,crude_birth_ratio,,,,10.3
Singapore,2008,crude_birth_ratio,,,,10.2
Singapore,2009,crude_birth_ratio,,,,9.9
Singapore,2010,crude_birth_ratio,,,,9.3
Singapore,2011,crude_birth_ratio,,,,9.5
Singapore,2012,crude_birth_ratio,,,,10.1
Singapore,2013,crude_birth_ratio,,,,9.3
Singapore,2014,crude_birth_ratio,,,,9.8
Thailand,2004,crude_birth_ratio,,,,14.5
Thailand,2005,crude_birth_ratio,,,,13.0
Thailand,2006,crude_birth_ratio,,,,12.9
Thailand,2007,crude_birth_ratio,,,,14.6
Thailand,2008,crude_birth_ratio,,,,14.5
Thailand,2009,crude_birth_ratio,,,,14.4
Thailand,2010,crude_birth_ratio,,,,12.1
Thailand,2011,crude_birth_ratio,,,,12.4
Thailand,2012,crude_birth_ratio,,,,12.5
Thailand,2013,crude_birth_ratio,,,,10.2
Vietnam,2004,crude_birth_ratio,,,,19.2
Vietnam,2005,crude_birth_ratio,,,,18.6
Vietnam,2006,crude_birth_ratio,,,,17.4
Vietnam,2007,crude_birth_ratio,,,,16.9
Vietnam,2008,crude_birth_ratio,,,,16.7
Vietnam,2009,crude_birth_ratio,,,,17.6
Vietnam,2010,crude_birth_ratio,,,,17.1
Vietnam,2011,crude_birth_ratio,,,,16.6
Vietnam,2012,crude_birth_ratio,,,,16.9
Vietnam,2013,crude_birth_ratio,,,,17.0
Vietnam,2014,crude_birth_ratio,,,,17.2
Brunei,2004,crude_death_ratio,,,,2.8
Brunei,2005,crude_death_ratio,,,,2.9
Brunei,2006,crude_death_ratio,,,,2.9
Brunei,2007,crude_death_ratio,,,,3.0
Brunei,2008,crude_death_ratio,,,,2.9
Brunei,2009,crude_death_ratio,,,,3.1
Brunei,2010,crude_death_ratio,,,,3.1
Brunei,2011,crude_death_ratio,,,,3.1
Brunei,2012,crude_death_ratio,,,,3.0
Brunei,2013,crude_death_ratio,,,,3.4
Brunei,2014,crude_death_ratio,,,,3.6
Cambodia,2004,crude_death_ratio,,,,10.0
Cambodia,2005,crude_death_ratio,,,,8.9
Cambodia,2006,crude_death_ratio,,,,8.8
Cambodia,2007,crude_death_ratio,,,,9.0
Cambodia,2008,crude_death_ratio,,,,8.3
Cambodia,2009,crude_death_ratio,,,,8.2
Cambodia,2010,crude_death_ratio,,,,8.0
Cambodia,2012,crude_death_ratio,,,,6.0
Cambodia,2013,crude_death_ratio,,,,6.0
Indonesia,2004,crude_death_ratio,,,,7.2
Indonesia,2005,crude_death_ratio,,,,7.3
Indonesia,2006,crude_death_ratio,,,,7.2
Indonesia,2007,crude_death_ratio,,,,6.3
Indonesia,2008,crude_death_ratio,,,,6.3
Indonesia,2009,crude_death_ratio,,,,6.3
Indonesia,2010,crude_death_ratio,,,,7.0
Indonesia,2012,crude_death_ratio,,,,6.3
Indonesia,2013,crude_death_ratio,,,,6.2
Laos,2004,crude_death_ratio,,,,12.2
Laos,2005,crude_death_ratio,,,,9.8
Laos,2006,crude_death_ratio,,,,9.4
Laos,2007,crude_death_ratio,,,,9.1
Laos,2008,crude_death_ratio,,,,8.7
Laos,2009,crude_death_ratio,,,,8.4
Laos,2010,crude_death_ratio,,,,6.3
Laos,2012,crude_death_ratio,,,,7.4
Laos,2013,crude_death_ratio,,,,7.0
Malaysia,2004,crude_death_ratio,,,,4.5
Malaysia,2005,crude_death_ratio,,,,4.5
Malaysia,2006,crude_death_ratio,,,,4.5
Malaysia,2007,crude_death_ratio,,,,4.4
Malaysia,2008,crude_death_ratio,,,,4.5
Malaysia,2009,crude_death_ratio,,,,4.5
Malaysia,2010,crude_death_ratio,,,,4.7
Malaysia,2011,crude_death_ratio,,,,4.6
Malaysia,2012,crude_death_ratio,,,,4.7
Malaysia,2013,crude_death_ratio,,,,4.7
Myanmar,2004,crude_death_ratio,,,,11.2
Myanmar,2005,crude_death_ratio,,,,9.5
Myanmar,2006,crude_death_ratio,,,,9.4
Myanmar,2007,crude_death_ratio,,,,9.7
Myanmar,2008,crude_death_ratio,,,,9.8
Myanmar,2009,crude_death_ratio,,,,9.6
Myanmar,2010,crude_death_ratio,,,,8.6
Myanmar,2012,crude_death_ratio,,,,8.5
Myanmar,2013,crude_death_ratio,,,,8.5
Philippines,2004,crude_death_ratio,,,,5.1
Philippines,2005,crude_death_ratio,,,,5.1
Philippines,2006,crude_death_ratio,,,,5.6
Philippines,2007,crude_death_ratio,,,,4.8
Philippines,2008,crude_death_ratio,,,,4.8
Philippines,2009,crude_death_ratio,,,,4.8
Philippines,2010,crude_death_ratio,,,,5.8
Philippines,2012,crude_death_ratio,,,,6.0
Philippines,2013,crude_death_ratio,,,,6.0
Singapore,2004,crude_death_ratio,,,,4.4
Singapore,2005,crude_death_ratio,,,,4.4
Singapore,2006,crude_death_ratio,,,,4.3
Singapore,2007,crude_death_ratio,,,,4.5
Singapore,2008,crude_death_ratio,,,,4.4
Singapore,2009,crude_death_ratio,,,,4.3
Singapore,2010,crude_death_ratio,,,,4.4
Singapore,2011,crude_death_ratio,,,,4.5
Singapore,2012,crude_death_ratio,,,,4.5
Singapore,2013,crude_death_ratio,,,,4.6
Singapore,2014,crude_death_ratio,,,,4.7
Thailand,2004,crude_death_ratio,,,,6.8
Thailand,2005,crude_death_ratio,,,,6.8
Thailand,2006,crude_death_ratio,,,,7.9
Thailand,2007,crude_death_ratio,,,,8.5
Thailand,2008,crude_death_ratio,,,,9.0
Thailand,2009,crude_death_ratio,,,,6.2
Thailand,2010,crude_death_ratio,,,,6.5
Thailand,2011,crude_death_ratio,,,,6.5
Thailand,2012,crude_death_ratio,,,,6.5
Thailand,2013,crude_death_ratio,,,,7.7
Vietnam,2004,crude_death_ratio,,,,5.4
Vietnam,2005,crude_death_ratio,,,,5.3
Vietnam,2006,crude_death_ratio,,,,5.3
Vietnam,2007,crude_death_ratio,,,,5.3
Vietnam,2008,crude_death_ratio,,,,5.3
Vietnam,2009,crude_death_ratio,,,,6.8
Vietnam,2010,crude_death_ratio,,,,6.8
Vietnam,2011,crude_death_ratio,,,,6.9
Vietnam,2012,crude_death_ratio,,,,7.0
Vietnam,2013,crude_death_ratio,,,,7.1
Vietnam,2014,crude_death_ratio,,,,6.9
Cambodia,2000,death_by_hiv_aids,,,,7400.0
Cambodia,2005,death_by_hiv_aids,,,,7600.0
Cambodia,2010,death_by_hiv_aids,,,,2600.0
Cambodia,2016,death_by_hiv_aids,,,,1800.0
Indonesia,2000,death_by_hiv_aids,,,,1600.0
Indonesia,2005,death_by_hiv_aids,,,,8800.0
Indonesia,2010,death_by_hiv_aids,,,,23000.0
Indonesia,2016,death_by_hiv_aids,,,,38000.0
Laos,2000,death_by_hiv_aids,,,,100.0
Laos,2005,death_by_hiv_aids,,,,200.0
Laos,2010,death_by_hiv_aids,,,,500.0
Laos,2016,death_by_hiv_aids,,,,500.0
Malaysia,2000,death_by_hiv_aids,,,,7700.0
Malaysia,2005,death_by_hiv_aids,,,,8400.0
Malaysia,2010,death_by_hiv_aids,,,,8500.0
Malaysia,2016,death_by_hiv_aids,,,,7000.0
Myanmar,2000,death_by_hiv_aids,,,,8300.0
Myanmar,2005,death_by_hiv_aids,,,,16000.0
Myanmar,2010,death_by_hiv_aids,,,,16000.0
Myanmar,2016,death_by_hiv_aids,,,,7800.0
Philippines,2000,death_by_hiv_aids,,,,100.0
Philippines,2005,death_by_hiv_aids,,,,100.0
Philippines,2010,death_by_hiv_aids,,,,200.0
Philippines,2016,death_by_hiv_aids,,,,1000.0
Thailand,2000,death_by_hiv_aids,,,,51000.0
Thailand,2005,death_by_hiv_aids,,,,42000.0
Thailand,2010,death_by_hiv_aids,,,,23000.0
Thailand,2016,death_by_hiv_aids,,,,16000.0
Vietnam,2000,death_by_hiv_aids,,,,3300.0
Vietnam,2005,death_by_hiv_aids,,,,10000.0
Vietnam,2010,death_by_hiv_aids,,,,8600.0
Vietnam,2016,death_by_hiv_aids,,,,8000.0
Brunei,2000,government_expenditure_in_health,Capital health expenditure,,in million current US$,13.3
Brunei,2001,government_expenditure_in_health,Capital health expenditure,,in million current US$,12.8
Brunei,2002,government_expenditure_in_health,Capital health expenditure,,in million current US$,12.8
Brunei,2003,government_expenditure_in_health,Capital health expenditure,,in million current US$,13.2
Brunei,2004,government_expenditure_in_health,Capital health expenditure,,in million current US$,13.6
Brunei,2005,government_expenditure_in_health,Capital health expenditure,,in million current US$,13.8
Brunei,2006,government_expenditure_in_health,Capital health expenditure,,in million current US$,14.5
Brunei,2007,government_expenditure_in_health,Capital health expenditure,,in million current US$,19.9
Brunei,2008,government_expenditure_in_health,Capital health expenditure,,in million current US$,21.2
Brunei,2009,government_expenditure_in_health,Capital health expenditure,,in million current US$,20.6
Brunei,2010,government_expenditure_in_health,Capital health expenditure,,in million current US$,22.0
Brunei,2011,government_expenditure_in_health,Capital health expenditure,,in million current US$,23.8
Brunei,2012,government_expenditure_in_health,Capital health expenditure,,in million current US$,20.8
Brunei,2013,government_expenditure_in_health,Capital health expenditure,,in million current US$,20.8
Brunei,2014,government_expenditure_in_health,Capital health expenditure,,in million current US$,20.5
Brunei,2015,government_expenditure_in_health,Capital health expenditure,,in million current US$,18.9
Cambodia,2003,government_expenditure_in_health,Capital health expenditure,,in million current US$,0.9
Cambodia,2004,government_expenditure_in_health,Capital health expenditure,,in million current US$,0.9
Cambodia,2005,government_expenditure_in_health,Capital health expenditure,,in million current US$,0.4
Cambodia,2006,government_expenditure_in_health,Capital health expenditure,,in million current US$,4.3
Cambodia,2007,government_expenditure_in_health,Capital health expenditure,,in million current US$,133.4
Cambodia,2008,government_expenditure_in_health,Capital health expenditure,,in million current US$,203.4
Cambodia,2009,government_expenditure_in_health,Capital health expenditure,,in million current US$,169.6
Cambodia,2010,government_expenditure_in_health,Capital health expenditure,,in million current US$,131.9
Cambodia,2011,government_expenditure_in_health,Capital health expenditure,,in million current US$,148.1
Cambodia,2012,government_expenditure_in_health,Capital health expenditure,,in million current US$,26.1
Cambodia,2013,government_expenditure_in_health,Capital health expenditure,,in million current US$,19.1
Cambodia,2014,government_expenditure_in_health,Capital health expenditure,,in million current US$,3.1
Cambodia,2015,government_expenditure_in_health,Capital health expenditure,,in million current US$,21.1
Indonesia,2001,government_expenditure_in_health,Capital health expenditure,,in million current US$,399.6
Indonesia,2002,government_expenditure_in_health,Capital health expenditure,,in million current US$,515.5
Indonesia,2003,government_expenditure_in_health,Capital health expenditure,,in million current US$,1130.9
Indonesia,2004,government_expenditure_in_health,Capital health expenditure,,in million current US$,1107.5
Indonesia,2005,government_expenditure_in_health,Capital health expenditure,,in million current US$,597.6
Indonesia,2006,government_expenditure_in_health,Capital health expenditure,,in million current US$,165.4
Indonesia,2007,government_expenditure_in_health,Capital health expenditure,,in million current US$,99.8
Indonesia,2010,government_expenditure_in_health,Capital health expenditure,,in million current US$,1034.1
Indonesia,2011,government_expenditure_in_health,Capital health expenditure,,in million current US$,1140.2
Indonesia,2012,government_expenditure_in_health,Capital health expenditure,,in million current US$,1310.4
Indonesia,2013,government_expenditure_in_health,Capital health expenditure,,in million current US$,1596.4
Indonesia,2014,government_expenditure_in_health,Capital health expenditure,,in million current US$,1205.2
Indonesia,2015,government_expenditure_in_health,Capital health expenditure,,in million current US$,1737.2
Laos,2010,government_expenditure_in_health,Capital health expenditure,,in million current US$,23.1
Laos,2011,government_expenditure_in_health,Capital health expenditure,,in million current US$,14.4
Laos,2012,government_expenditure_in_health,Capital health expenditure,,in million current US$,15.4
Laos,2013,government_expenditure_in_health,Capital health expenditure,,in million current US$,10.1
Laos,2014,government_expenditure_in_health,Capital health expenditure,,in million current US$,18.6
Laos,2015,government_expenditure_in_health,Capital health expenditure,,in million current US$,25.2
Malaysia,2000,government_expenditure_in_health,Capital health expenditure,,in million current US$,362.1
Malaysia,2001,government_expenditure_in_health,Capital health expenditure,,in million current US$,445.3
Malaysia,2002,government_expenditure_in_health,Capital health expenditure,,in million current US$,432.1
Malaysia,2003,government_expenditure_in_health,Capital health expenditure,,in million current US$,740.8
Malaysia,2004,government_expenditure_in_health,Capital health expenditure,,in million current US$,613.2
Malaysia,2005,government_expenditure_in_health,Capital health expenditure,,in million current US$,335.3
Malaysia,2006,government_expenditure_in_health,Capital health expenditure,,in million current US$,372.4
Malaysia,2007,government_expenditure_in_health,Capital health expenditure,,in million current US$,448.6
Malaysia,2008,government_expenditure_in_health,Capital health expenditure,,in million current US$,520.1
Malaysia,2009,government_expenditure_in_health,Capital health expenditure,,in million current US$,782.8
Malaysia,2010,government_expenditure_in_health,Capital health expenditure,,in million current US$,1199.9
Malaysia,2011,government_expenditure_in_health,Capital health expenditure,,in million current US$,717.3
Malaysia,2012,government_expenditure_in_health,Capital health expenditure,,in million current US$,666.0
Malaysia,2013,government_expenditure_in_health,Capital health expenditure,,in million current US$,581.1
Malaysia,2014,government_expenditure_in_health,Capital health expenditure,,in million current US$,458.9
Malaysia,2015,government_expenditure_in_health,Capital health expenditure,,in million current US$,367.2
Myanmar,2000,government_expenditure_in_health,Capital health expenditure,,in million current US$,6.9
Myanmar,2001,government_expenditure_in_health,Capital health expenditure,,in million current US$,7.2
Myanmar,2002,government_expenditure_in_health,Capital health expenditure,,in million current US$,21.8
Myanmar,2003,government_expenditure_in_health,Capital health expenditure,,in million current US$,12.9
Myanmar,2004,government_expenditure_in_health,Capital health expenditure,,in million current US$,13.7
Myanmar,2005,government_expenditure_in_health,Capital health expenditure,,in million current US$,7.8
Myanmar,2006,government_expenditure_in_health,Capital health expenditure,,in million current US$,8.8
Myanmar,2007,government_expenditure_in_health,Capital health expenditure,,in million current US$,8.1
Myanmar,2008,government_expenditure_in_health,Capital health expenditure,,in million current US$,8.9
Myanmar,2009,government_expenditure_in_health,Capital health expenditure,,in million current US$,15.1
Myanmar,2010,government_expenditure_in_health,Capital health expenditure,,in million current US$,27.8
Myanmar,2011,government_expenditure_in_health,Capital health expenditure,,in million current US$,35.2
Myanmar,2012,government_expenditure_in_health,Capital health expenditure,,in million current US$,236.4
Myanmar,2013,government_expenditure_in_health,Capital health expenditure,,in million current US$,219.4
Myanmar,2014,government_expenditure_in_health,Capital health expenditure,,in million current US$,337.4
Myanmar,2015,government_expenditure_in_health,Capital health expenditure,,in million current US$,297.5
Philippines,2000,government_expenditure_in_health,Capital health expenditure,,in million current US$,11.1
Philippines,2001,government_expenditure_in_health,Capital health expenditure,,in million current US$,9.7
Philippines,2002,government_expenditure_in_health,Capital health expenditure,,in million current US$,15.0
Philippines,2003,government_expenditure_in_health,Capital health expenditure,,in million current US$,13.5
Philippines,2004,government_expenditure_in_health,Capital health expenditure,,in million current US$,12.6
Philippines,2005,government_expenditure_in_health,Capital health expenditure,,in million current US$,13.8
Philippines,2006,government_expenditure_in_health,Capital health expenditure,,in million current US$,7.1
Philippines,2007,government_expenditure_in_health,Capital health expenditure,,in million current US$,31.1
Philippines,2008,government_expenditure_in_health,Capital health expenditure,,in million current US$,34.1
Philippines,2009,government_expenditure_in_health,Capital health expenditure,,in million current US$,95.8
Philippines,2010,government_expenditure_in_health,Capital health expenditure,,in million current US$,122.2
Philippines,2011,government_expenditure_in_health,Capital health expenditure,,in million current US$,187.9
Philippines,2012,government_expenditure_in_health,Capital health expenditure,,in million current US$,215.4
Philippines,2013,government_expenditure_in_health,Capital health expenditure,,in million current US$,265.9
Philippines,2014,government_expenditure_in_health,Capital health expenditure,,in million current US$,294.9
Philippines,2015,government_expenditure_in_health,Capital health expenditure,,in million current US$,299.3
Singapore,2005,government_expenditure_in_health,Capital health expenditure,,in million current US$,50.9
Singapore,2006,government_expenditure_in_health,Capital health expenditure,,in million current US$,107.1
Singapore,2007,government_expenditure_in_health,Capital health expenditure,,in million current US$,174.8
Singapore,2008,government_expenditure_in_health,Capital health expenditure,,in million current US$,307.1
Singapore,2009,government_expenditure_in_health,Capital health expenditure,,in million current US$,488.8
Singapore,2010,government_expenditure_in_health,Capital health expenditure,,in million current US$,355.7
Singapore,2011,government_expenditure_in_health,Capital health expenditure,,in million current US$,360.2
Singapore,2012,government_expenditure_in_health,Capital health expenditure,,in million current US$,484.1
Singapore,2013,government_expenditure_in_health,Capital health expenditure,,in million current US$,577.8
Singapore,2014,government_expenditure_in_health,Capital health expenditure,,in million current US$,905.3
Singapore,2015,government_expenditure_in_health,Capital health expenditure,,in million current US$,1027.8
Thailand,2000,government_expenditure_in_health,Capital health expenditure,,in million current US$,247.3
Thailand,2001,government_expenditure_in_health,Capital health expenditure,,in million current US$,190.2
Thailand,2002,government_expenditure_in_health,Capital health expenditure,,in million current US$,216.0
Thailand,2003,government_expenditure_in_health,Capital health expenditure,,in million current US$,170.6
Thailand,2004,government_expenditure_in_health,Capital health expenditure,,in million current US$,242.4
Thailand,2005,government_expenditure_in_health,Capital health expenditure,,in million current US$,276.0
Thailand,2006,government_expenditure_in_health,Capital health expenditure,,in million current US$,360.6
Thailand,2007,government_expenditure_in_health,Capital health expenditure,,in million current US$,407.5
Thailand,2008,government_expenditure_in_health,Capital health expenditure,,in million current US$,614.8
Thailand,2009,government_expenditure_in_health,Capital health expenditure,,in million current US$,648.9
Thailand,2010,government_expenditure_in_health,Capital health expenditure,,in million current US$,583.7
Thailand,2011,government_expenditure_in_health,Capital health expenditure,,in million current US$,1009.4
Thailand,2012,government_expenditure_in_health,Capital health expenditure,,in million current US$,1253.4
Thailand,2013,government_expenditure_in_health,Capital health expenditure,,in million current US$,991.1
Thailand,2014,government_expenditure_in_health,Capital health expenditure,,in million current US$,964.6
Thailand,2015,government_expenditure_in_health,Capital health expenditure,,in million current US$,476.8
Vietnam,2000,government_expenditure_in_health,Capital health expenditure,,in million current US$,178.9
Vietnam,2001,government_expenditure_in_health,Capital health expenditure,,in million current US$,281.9
Vietnam,2002,government_expenditure_in_health,Capital health expenditure,,in million current US$,248.8
Vietnam,2003,government_expenditure_in_health,Capital health expenditure,,in million current US$,281.8
Vietnam,2004,government_expenditure_in_health,Capital health expenditure,,in million current US$,189.0
Vietnam,2005,government_expenditure_in_health,Capital health expenditure,,in million current US$,274.5
Vietnam,2006,government_expenditure_in_health,Capital health expenditure,,in million current US$,305.4
Vietnam,2007,government_expenditure_in_health,Capital health expenditure,,in million current US$,299.3
Vietnam,2008,government_expenditure_in_health,Capital health expenditure,,in million current US$,519.1
Vietnam,2009,government_expenditure_in_health,Capital health expenditure,,in million current US$,916.9
Vietnam,2010,government_expenditure_in_health,Capital health expenditure,,in million current US$,631.3
Vietnam,2011,government_expenditure_in_health,Capital health expenditure,,in million current US$,648.2
Vietnam,2012,government_expenditure_in_health,Capital health expenditure,,in million current US$,671.4
Vietnam,2013,government_expenditure_in_health,Capital health expenditure,,in million current US$,707.2
Vietnam,2014,government_expenditure_in_health,Capital health expenditure,,in million current US$,893.1
Vietnam,2015,government_expenditure_in_health,Capital health expenditure,,in million current US$,914.5
Cambodia,2000,hiv_prevalence,,,,1.6
Cambodia,2005,hiv_prevalence,,,,1.1
Cambodia,2010,hiv_prevalence,,,,0.8
Cambodia,2016,hiv_prevalence,,,,0.6
Indonesia,2000,hiv_prevalence,,,,0.1
Indonesia,2005,hiv_prevalence,,,,0.2
Indonesia,2010,hiv_prevalence,,,,0.4
Indonesia,2016,hiv_prevalence,,,,0.4
Laos,2000,hiv_prevalence,,,,0.1
Laos,2005,hiv_prevalence,,,,0.2
Laos,2010,hiv_prevalence,,,,0.3
Laos,2016,hiv_prevalence,,,,0.3
Malaysia,2000,hiv_prevalence,,,,0.7
Malaysia,2005,hiv_prevalence,,,,0.7
Malaysia,2010,hiv_prevalence,,,,0.6
Malaysia,2016,hiv_prevalence,,,,0.4
Myanmar,2000,hiv_prevalence,,,,0.8
Myanmar,2005,hiv_prevalence,,,,0.9
Myanmar,2010,hiv_prevalence,,,,0.9
Myanmar,2016,hiv_prevalence,,,,0.8
Philippines,2000,hiv_prevalence,,,,0.1
Philippines,2005,hiv_prevalence,,,,0.1
Philippines,2010,hiv_prevalence,,,,0.1
Philippines,2016,hiv_prevalence,,,,0.1
Thailand,2000,hiv_prevalence,,,,1.8
Thailand,2005,hiv_prevalence,,,,1.5
Thailand,2010,hiv_prevalence,,,,1.3
Thailand,2016,hiv_prevalence,,,,1.1
Vietnam,2000,hiv_prevalence,,,,0.2
Vietnam,2005,hiv_prevalence,,,,0.4
Vietnam,2010,hiv_prevalence,,,,0.4
Vietnam,2016,hiv_prevalence,,,,0.4
Brunei,2004,immunization_dpt,,,,91.7
Brunei,2005,immunization_dpt,,,,99.7
Brunei,2006,immunization_dpt,,,,100.0
Brunei,2007,immunization_dpt,,,,99.0
Brunei,2008,immunization_dpt,,,,99.0
Brunei,2009,immunization_dpt,,,,99.0
Brunei,2010,immunization_dpt,,,,95.4
Brunei,2011,immunization_dpt,,,,97.0
Brunei,2012,immunization_dpt,,,,95.4
Brunei,2013,immunization_dpt,,,,99.6
Brunei,2014,immunization_dpt,,,,99.0
Cambodia,2007,immunization_dpt,,,,82.0
Cambodia,2008,immunization_dpt,,,,82.0
Cambodia,2009,immunization_dpt,,,,94.0
Cambodia,2010,immunization_dpt,,,,92.0
Cambodia,2011,immunization_dpt,,,,94.0
Cambodia,2012,immunization_dpt,,,,95.0
Cambodia,2013,immunization_dpt,,,,92.0
Cambodia,2014,immunization_dpt,,,,97.0
Indonesia,2004,immunization_dpt,,,,86.5
Indonesia,2005,immunization_dpt,,,,84.6
Indonesia,2006,immunization_dpt,,,,87.1
Indonesia,2007,immunization_dpt,,,,86.4
Indonesia,2008,immunization_dpt,,,,86.1
Indonesia,2009,immunization_dpt,,,,89.1
Indonesia,2010,immunization_dpt,,,,89.8
Indonesia,2011,immunization_dpt,,,,89.1
Indonesia,2012,immunization_dpt,,,,90.0
Indonesia,2013,immunization_dpt,,,,90.3
Indonesia,2014,immunization_dpt,,,,90.7
Laos,2007,immunization_dpt,,,,50.0
Laos,2008,immunization_dpt,,,,50.0
Laos,2009,immunization_dpt,,,,57.0
Laos,2010,immunization_dpt,,,,74.0
Laos,2011,immunization_dpt,,,,78.0
Laos,2012,immunization_dpt,,,,79.0
Laos,2013,immunization_dpt,,,,89.0
Malaysia,2004,immunization_dpt,,,,94.2
Malaysia,2005,immunization_dpt,,,,95.3
Malaysia,2006,immunization_dpt,,,,96.4
Malaysia,2007,immunization_dpt,,,,96.0
Malaysia,2008,immunization_dpt,,,,96.0
Malaysia,2009,immunization_dpt,,,,95.0
Malaysia,2010,immunization_dpt,,,,94.0
Malaysia,2011,immunization_dpt,,,,99.0
Malaysia,2012,immunization_dpt,,,,99.0
Malaysia,2013,immunization_dpt,,,,97.0
Malaysia,2014,immunization_dpt,,,,93.0
Myanmar,2004,immunization_dpt,,,,82.0
Myanmar,2005,immunization_dpt,,,,73.0
Myanmar,2006,immunization_dpt,,,,82.0
Myanmar,2007,immunization_dpt,,,,86.0
Myanmar,2008,immunization_dpt,,,,85.0
Myanmar,2009,immunization_dpt,,,,90.0
Myanmar,2010,immunization_dpt,,,,90.0
Myanmar,2011,immunization_dpt,,,,83.5
Myanmar,2012,immunization_dpt,,,,85.0
Myanmar,2013,immunization_dpt,,,,90.0
Myanmar,2014,immunization_dpt,,,,92.0
Philippines,2007,immunization_dpt,,,,87.0
Philippines,2008,immunization_dpt,,,,87.0
Philippines,2009,immunization_dpt,,,,87.0
Philippines,2010,immunization_dpt,,,,87.0
Philippines,2011,immunization_dpt,,,,81.0
Philippines,2012,immunization_dpt,,,,86.0
Philippines,2013,immunization_dpt,,,,98.0
Philippines,2014,immunization_dpt,,,,86.0
Singapore,2007,immunization_dpt,,,,96.0
Singapore,2008,immunization_dpt,,,,96.0
Singapore,2009,immunization_dpt,,,,97.0
Singapore,2010,immunization_dpt,,,,97.0
Singapore,2011,immunization_dpt,,,,96.0
Singapore,2012,immunization_dpt,,,,96.0
Singapore,2013,immunization_dpt,,,,96.0
Singapore,2014,immunization_dpt,,,,96.0
Thailand,2007,immunization_dpt,,,,98.0
Thailand,2008,immunization_dpt,,,,98.0
Thailand,2009,immunization_dpt,,,,99.0
Thailand,2010,immunization_dpt,,,,99.0
Thailand,2011,immunization_dpt,,,,99.0
Thailand,2012,immunization_dpt,,,,99.0
Thailand,2013,immunization_dpt,,,,100.0
Thailand,2014,immunization_dpt,,,,100.0
Vietnam,2007,immunization_dpt,,,,92.0
Vietnam,2008,immunization_dpt,,,,92.0
Vietnam,2009,immunization_dpt,,,,96.0
Vietnam,2010,immunization_dpt,,,,93.0
Vietnam,2011,immunization_dpt,,,,95.0
Vietnam,2012,immunization_dpt,,,,97.0
Vietnam,2013,immunization_dpt,,,,83.0
Vietnam,2014,immunization_dpt,,,,95.0
Brunei,2004,immunization_measless,,,,99.0
Brunei,2005,immunization_measless,,,,97.4
Brunei,2006,immunization_measless,,,,100.0
Brunei,2007,immunization_measless,,,,96.8
Brunei,2008,immunization_measless,,,,97.0
Brunei,2009,immunization_measless,,,,99.0
Brunei,2010,immunization_measless,,,,94.4
Brunei,2011,immunization_measless,,,,91.0
Brunei,2012,immunization_measless,,,,98.6
Brunei,2013,immunization_measless,,,,96.0
Brunei,2014,immunization_measless,,,,97.0
Cambodia,2004,immunization_measless,,,,80.0
Cambodia,2005,immunization_measless,,,,76.9
Cambodia,2006,immunization_measless,,,,78.0
Cambodia,2007,immunization_measless,,,,79.0
Cambodia,2008,immunization_measless,,,,80.0
Cambodia,2009,immunization_measless,,,,81.0
Cambodia,2010,immunization_measless,,,,81.9
Cambodia,2011,immunization_measless,,,,93.0
Cambodia,2012,immunization_measless,,,,93.0
Cambodia,2013,immunization_measless,,,,93.0
Cambodia,2014,immunization_measless,,,,94.0
Indonesia,2004,immunization_measless,,,,77.2
Indonesia,2005,immunization_measless,,,,72.5
Indonesia,2006,immunization_measless,,,,78.2
Indonesia,2007,immunization_measless,,,,75.9
Indonesia,2008,immunization_measless,,,,75.5
Indonesia,2009,immunization_measless,,,,77.2
Indonesia,2010,immunization_measless,,,,77.7
Indonesia,2011,immunization_measless,,,,76.9
Indonesia,2012,immunization_measless,,,,78.0
Indonesia,2013,immunization_measless,,,,77.9
Indonesia,2014,immunization_measless,,,,78.7
Laos,2004,immunization_measless,,,,36.0
Laos,2005,immunization_measless,,,,69.0
Laos,2006,immunization_measless,,,,48.0
Laos,2007,immunization_measless,,,,40.0
Laos,2008,immunization_measless,,,,40.0
Laos,2009,immunization_measless,,,,59.0
Laos,2010,immunization_measless,,,,78.0
Laos,2011,immunization_measless,,,,69.0
Laos,2012,immunization_measless,,,,72.0
Laos,2013,immunization_measless,,,,82.0
Laos,2014,immunization_measless,,,,87.0
Malaysia,2004,immunization_measless,,,,71.2
Malaysia,2006,immunization_measless,,,,65.4
Malaysia,2007,immunization_measless,,,,87.5
Malaysia,2008,immunization_measless,,,,94.3
Malaysia,2009,immunization_measless,,,,96.9
Malaysia,2010,immunization_measless,,,,96.1
Malaysia,2011,immunization_measless,,,,95.2
Malaysia,2012,immunization_measless,,,,95.5
Malaysia,2013,immunization_measless,,,,95.3
Malaysia,2014,immunization_measless,,,,94.0
Myanmar,2004,immunization_measless,,,,78.0
Myanmar,2005,immunization_measless,,,,72.0
Myanmar,2006,immunization_measless,,,,78.0
Myanmar,2007,immunization_measless,,,,81.0
Myanmar,2008,immunization_measless,,,,82.0
Myanmar,2009,immunization_measless,,,,87.0
Myanmar,2010,immunization_measless,,,,88.0
Myanmar,2011,immunization_measless,,,,84.9
Myanmar,2012,immunization_measless,,,,84.0
Myanmar,2013,immunization_measless,,,,86.0
Myanmar,2014,immunization_measless,,,,88.0
Philippines,2004,immunization_measless,,,,80.0
Philippines,2005,immunization_measless,,,,80.0
Philippines,2006,immunization_measless,,,,92.0
Philippines,2007,immunization_measless,,,,92.0
Philippines,2008,immunization_measless,,,,92.0
Philippines,2009,immunization_measless,,,,88.0
Philippines,2010,immunization_measless,,,,88.0
Philippines,2011,immunization_measless,,,,79.0
Philippines,2012,immunization_measless,,,,85.0
Philippines,2013,immunization_measless,,,,90.0
Philippines,2014,immunization_measless,,,,88.0
Singapore,2004,immunization_measless,,,,94.0
Singapore,2005,immunization_measless,,,,96.0
Singapore,2006,immunization_measless,,,,93.0
Singapore,2007,immunization_measless,,,,95.0
Singapore,2008,immunization_measless,,,,95.0
Singapore,2009,immunization_measless,,,,95.0
Singapore,2010,immunization_measless,,,,95.0
Singapore,2011,immunization_measless,,,,95.0
Singapore,2012,immunization_measless,,,,95.0
Singapore,2013,immunization_measless,,,,95.0
Singapore,2014,immunization_measless,,,,94.0
Thailand,2004,immunization_measless,,,,96.0
Thailand,2005,immunization_measless,,,,96.0
Thailand,2006,immunization_measless,,,,96.0
Thailand,2007,immunization_measless,,,,96.0
Thailand,2008,immunization_measless,,,,96.0
Thailand,2009,immunization_measless,,,,98.0
Thailand,2010,immunization_measless,,,,98.0
Thailand,2011,immunization_measless,,,,98.0
Thailand,2012,immunization_measless,,,,98.0
Thailand,2013,immunization_measless,,,,98.0
Thailand,2014,immunization_measless,,,,99.0
Vietnam,2004,immunization_measless,,,,97.0
Vietnam,2005,immunization_measless,,,,95.0
Vietnam,2006,immunization_measless,,,,96.4
Vietnam,2007,immunization_measless,,,,82.8
Vietnam,2008,immunization_measless,,,,95.6
Vietnam,2009,immunization_measless,,,,97.0
Vietnam,2010,immunization_measless,,,,97.8
Vietnam,2011,immunization_measless,,,,96.5
Vietnam,2012,immunization_measless,,,,96.4
Vietnam,2013,immunization_measless,,,,97.7
Vietnam,2014,immunization_measless,,,,86.2
Brunei,2004,infant_mortality_rate,,,,8.8
Brunei,2005,infant_mortality_rate,,,,7.4
Brunei,2006,infant_mortality_rate,,,,6.6
Brunei,2007,infant_mortality_rate,,,,7.6
Brunei,2008,infant_mortality_rate,,,,7.0
Brunei,2009,infant_mortality_rate,,,,7.4
Brunei,2010,infant_mortality_rate,,,,6.1
Brunei,2011,infant_mortality_rate,,,,8.3
Brunei,2012,infant_mortality_rate,,,,9.3
Brunei,2013,infant_mortality_rate,,,,7.6
Brunei,2014,infant_mortality_rate,,,,7.4
Cambodia,2004,infant_mortality_rate,,,,76.0
Cambodia,2005,infant_mortality_rate,,,,66.0
Cambodia,2007,infant_mortality_rate,,,,70.0
Cambodia,2008,infant_mortality_rate,,,,60.0
Cambodia,2009,infant_mortality_rate,,,,60.0
Cambodia,2010,infant_mortality_rate,,,,44.9
Cambodia,2011,infant_mortality_rate,,,,36.0
Cambodia,2012,infant_mortality_rate,,,,33.0
Indonesia,2004,infant_mortality_rate,,,,33.9
Indonesia,2005,infant_mortality_rate,,,,28.9
Indonesia,2006,infant_mortality_rate,,,,30.8
Indonesia,2010,infant_mortality_rate,,,,34.0
Indonesia,2011,infant_mortality_rate,,,,34.0
Indonesia,2012,infant_mortality_rate,,,,27.2
Laos,2004,infant_mortality_rate,,,,86.0
Laos,2005,infant_mortality_rate,,,,70.0
Laos,2006,infant_mortality_rate,,,,67.2
Laos,2007,infant_mortality_rate,,,,64.4
Laos,2008,infant_mortality_rate,,,,61.8
Laos,2009,infant_mortality_rate,,,,59.2
Laos,2010,infant_mortality_rate,,,,56.6
Laos,2011,infant_mortality_rate,,,,68.0
Laos,2012,infant_mortality_rate,,,,51.5
Laos,2013,infant_mortality_rate,,,,48.9
Malaysia,2004,infant_mortality_rate,,,,6.5
Malaysia,2005,infant_mortality_rate,,,,6.6
Malaysia,2006,infant_mortality_rate,,,,6.1
Malaysia,2007,infant_mortality_rate,,,,6.3
Malaysia,2008,infant_mortality_rate,,,,6.2
Malaysia,2009,infant_mortality_rate,,,,6.9
Malaysia,2010,infant_mortality_rate,,,,6.8
Malaysia,2011,infant_mortality_rate,,,,6.6
Malaysia,2012,infant_mortality_rate,,,,6.6
Myanmar,2004,infant_mortality_rate,,,,81.0
Myanmar,2005,infant_mortality_rate,,,,46.5
Myanmar,2006,infant_mortality_rate,,,,46.3
Myanmar,2007,infant_mortality_rate,,,,46.5
Myanmar,2008,infant_mortality_rate,,,,29.5
Myanmar,2009,infant_mortality_rate,,,,27.2
Myanmar,2010,infant_mortality_rate,,,,27.1
Myanmar,2011,infant_mortality_rate,,,,27.0
Myanmar,2012,infant_mortality_rate,,,,26.0
Myanmar,2013,infant_mortality_rate,,,,24.3
Philippines,2004,infant_mortality_rate,,,,35.0
Philippines,2005,infant_mortality_rate,,,,27.0
Philippines,2006,infant_mortality_rate,,,,25.0
Philippines,2007,infant_mortality_rate,,,,23.0
Philippines,2008,infant_mortality_rate,,,,24.5
Philippines,2009,infant_mortality_rate,,,,23.0
Philippines,2010,infant_mortality_rate,,,,24.5
Philippines,2011,infant_mortality_rate,,,,23.9
Philippines,2012,infant_mortality_rate,,,,27.0
Philippines,2013,infant_mortality_rate,,,,20.0
Singapore,2004,infant_mortality_rate,,,,2.0
Singapore,2005,infant_mortality_rate,,,,2.1
Singapore,2006,infant_mortality_rate,,,,2.6
Singapore,2007,infant_mortality_rate,,,,2.1
Singapore,2008,infant_mortality_rate,,,,2.1
Singapore,2009,infant_mortality_rate,,,,2.2
Singapore,2010,infant_mortality_rate,,,,2.0
Singapore,2011,infant_mortality_rate,,,,2.0
Singapore,2012,infant_mortality_rate,,,,1.8
Singapore,2013,infant_mortality_rate,,,,2.0
Singapore,2014,infant_mortality_rate,,,,1.8
Thailand,2004,infant_mortality_rate,,,,7.5
Thailand,2005,infant_mortality_rate,,,,7.6
Thailand,2006,infant_mortality_rate,,,,7.4
Thailand,2007,infant_mortality_rate,,,,7.2
Thailand,2008,infant_mortality_rate,,,,7.3
Thailand,2009,infant_mortality_rate,,,,7.1
Thailand,2010,infant_mortality_rate,,,,7.0
Thailand,2011,infant_mortality_rate,,,,6.6
Thailand,2012,infant_mortality_rate,,,,6.8
Vietnam,2004,infant_mortality_rate,,,,18.0
Vietnam,2005,infant_mortality_rate,,,,17.8
Vietnam,2006,infant_mortality_rate,,,,16.0
Vietnam,2007,infant_mortality_rate,,,,13.0
Vietnam,2008,infant_mortality_rate,,,,15.0
Vietnam,2009,infant_mortality_rate,,,,16.0
Vietnam,2010,infant_mortality_rate,,,,15.8
Vietnam,2011,infant_mortality_rate,,,,15.5
Vietnam,2012,infant_mortality_rate,,,,15.4
Vietnam,2013,infant_mortality_rate,,,,15.3
Vietnam,2014,infant_mortality_rate,,,,14.9
Brunei,2004,life_expentancy_rate,,Female,,77.5
Brunei,2004,life_expentancy_rate,,Male,,74.6
Brunei,2005,life_expentancy_rate,,Female,,77.3
Brunei,2005,life_expentancy_rate,,Male,,74.2
Brunei,2006,life_expentancy_rate,,Female,,77.5
Brunei,2006,life_expentancy_rate,,Male,,75.9
Brunei,2007,life_expentancy_rate,,Female,,77.8
Brunei,2007,life_expentancy_rate,,Male,,75.2
Brunei,2008,life_expentancy_rate,,Female,,79.8
Brunei,2008,life_expentancy_rate,,Male,,76.6
Brunei,2009,life_expentancy_rate,,Female,,77.9
Brunei,2009,life_expentancy_rate,,Male,,77.1
Brunei,2010,life_expentancy_rate,,Female,,77.8
Brunei,2010,life_expentancy_rate,,Male,,76.5
Brunei,2011,life_expentancy_rate,,Female,,78.5
Brunei,2011,life_expentancy_rate,,Male,,75.6
Brunei,2012,life_expentancy_rate,,Female,,79.9
Brunei,2012,life_expentancy_rate,,Male,,76.3
Brunei,2013,life_expentancy_rate,,Female,,78.4
Brunei,2013,life_expentancy_rate,,Male,,75.7
Brunei,2014,life_expentancy_rate,,Female,,78.8
Brunei,2014,life_expentancy_rate,,Male,,75.9
Cambodia,2004,life_expentancy_rate,,Female,,63.4
Cambodia,2004,life_expentancy_rate,,Male,,57.2
Cambodia,2005,life_expentancy_rate,,Female,,64.1
Cambodia,2005,life_expentancy_rate,,Male,,57.9
Cambodia,2006,life_expentancy_rate,,Female,,64.9
Cambodia,2006,life_expentancy_rate,,Male,,58.6
Cambodia,2007,life_expentancy_rate,,Female,,65.6
Cambodia,2007,life_expentancy_rate,,Male,,59.3
Cambodia,2008,life_expentancy_rate,,Female,,66.3
Cambodia,2008,life_expentancy_rate,,Male,,60.0
Cambodia,2009,life_expentancy_rate,,Female,,67.0
Cambodia,2009,life_expentancy_rate,,Male,,60.7
Cambodia,2010,life_expentancy_rate,,Female,,67.7
Cambodia,2010,life_expentancy_rate,,Male,,61.4
Cambodia,2011,life_expentancy_rate,,Female,,68.4
Cambodia,2011,life_expentancy_rate,,Male,,62.0
Cambodia,2012,life_expentancy_rate,,Female,,69.1
Cambodia,2012,life_expentancy_rate,,Male,,62.7
Cambodia,2013,life_expentancy_rate,,Female,,69.8
Cambodia,2013,life_expentancy_rate,,Male,,63.4
Indonesia,2004,life_expentancy_rate,,Female,,70.7
Indonesia,2004,life_expentancy_rate,,Male,,66.7
Indonesia,2005,life_expentancy_rate,,Female,,71.1
Indonesia,2005,life_expentancy_rate,,Male,,67.1
Indonesia,2006,life_expentancy_rate,,Female,,72.2
Indonesia,2006,life_expentancy_rate,,Male,,68.3
Indonesia,2007,life_expentancy_rate,,Female,,72.4
Indonesia,2007,life_expentancy_rate,,Male,,68.4
Indonesia,2008,life_expentancy_rate,,Female,,72.6
Indonesia,2008,life_expentancy_rate,,Male,,68.6
Indonesia,2009,life_expentancy_rate,,Female,,72.6
Indonesia,2009,life_expentancy_rate,,Male,,68.8
Indonesia,2010,life_expentancy_rate,,Female,,72.9
Indonesia,2010,life_expentancy_rate,,Male,,69.0
Indonesia,2011,life_expentancy_rate,,Female,,71.1
Indonesia,2011,life_expentancy_rate,,Male,,67.7
Indonesia,2012,life_expentancy_rate,,Female,,71.1
Indonesia,2012,life_expentancy_rate,,Male,,67.7
Laos,2005,life_expentancy_rate,,Female,,63.0
Laos,2005,life_expentancy_rate,,Male,,59.0
Laos,2006,life_expentancy_rate,,Female,,66.4
Laos,2006,life_expentancy_rate,,Male,,63.9
Laos,2007,life_expentancy_rate,,Female,,67.0
Laos,2007,life_expentancy_rate,,Male,,64.4
Laos,2008,life_expentancy_rate,,Female,,67.5
Laos,2008,life_expentancy_rate,,Male,,64.9
Laos,2009,life_expentancy_rate,,Female,,68.0
Laos,2009,life_expentancy_rate,,Male,,65.4
Laos,2010,life_expentancy_rate,,Female,,66.7
Laos,2010,life_expentancy_rate,,Male,,62.7
Laos,2011,life_expentancy_rate,,Female,,68.9
Laos,2011,life_expentancy_rate,,Male,,66.5
Malaysia,2005,life_expentancy_rate,,Female,,76.2
Malaysia,2005,life_expentancy_rate,,Male,,71.4
Malaysia,2006,life_expentancy_rate,,Female,,76.3
Malaysia,2006,life_expentancy_rate,,Male,,71.5
Malaysia,2007,life_expentancy_rate,,Female,,76.3
Malaysia,2007,life_expentancy_rate,,Male,,71.5
Malaysia,2008,life_expentancy_rate,,Female,,76.4
Malaysia,2008,life_expentancy_rate,,Male,,71.6
Malaysia,2009,life_expentancy_rate,,Female,,76.5
Malaysia,2009,life_expentancy_rate,,Male,,71.6
Malaysia,2010,life_expentancy_rate,,Female,,77.1
Malaysia,2010,life_expentancy_rate,,Male,,71.9
Malaysia,2011,life_expentancy_rate,,Female,,77.1
Malaysia,2011,life_expentancy_rate,,Male,,72.1
Malaysia,2012,life_expentancy_rate,,Female,,77.2
Malaysia,2012,life_expentancy_rate,,Male,,72.3
Malaysia,2013,life_expentancy_rate,,Female,,77.4
Malaysia,2013,life_expentancy_rate,,Male,,72.7
Myanmar,2004,life_expentancy_rate,,Female,,65.5
Myanmar,2004,life_expentancy_rate,,Male,,62.1
Myanmar,2005,life_expentancy_rate,,Female,,65.8
Myanmar,2005,life_expentancy_rate,,Male,,62.3
Myanmar,2006,life_expentancy_rate,,Female,,66.4
Myanmar,2006,life_expentancy_rate,,Male,,62.7
Myanmar,2007,life_expentancy_rate,,Female,,68.1
Myanmar,2007,life_expentancy_rate,,Male,,63.6
Myanmar,2008,life_expentancy_rate,,Female,,68.3
Myanmar,2008,life_expentancy_rate,,Male,,64.2
Myanmar,2009,life_expentancy_rate,,Female,,68.4
Myanmar,2009,life_expentancy_rate,,Male,,64.5
Myanmar,2010,life_expentancy_rate,,Female,,68.6
Myanmar,2010,life_expentancy_rate,,Male,,64.6
Myanmar,2011,life_expentancy_rate,,Female,,68.7
Myanmar,2011,life_expentancy_rate,,Male,,64.9
Myanmar,2012,life_expentancy_rate,,Female,,69.5
Myanmar,2012,life_expentancy_rate,,Male,,66.6
Myanmar,2013,life_expentancy_rate,,Female,,69.9
Myanmar,2013,life_expentancy_rate,,Male,,67.5
Philippines,2004,life_expentancy_rate,,Female,,70.1
Philippines,2004,life_expentancy_rate,,Male,,64.1
Philippines,2005,life_expentancy_rate,,Female,,70.1
Philippines,2005,life_expentancy_rate,,Male,,64.1
Philippines,2006,life_expentancy_rate,,Female,,71.6
Philippines,2006,life_expentancy_rate,,Male,,66.1
Philippines,2007,life_expentancy_rate,,Female,,71.6
Philippines,2007,life_expentancy_rate,,Male,,66.1
Philippines,2008,life_expentancy_rate,,Female,,71.6
Philippines,2008,life_expentancy_rate,,Male,,66.1
Philippines,2009,life_expentancy_rate,,Female,,71.6
Philippines,2009,life_expentancy_rate,,Male,,66.1
Philippines,2010,life_expentancy_rate,,Female,,71.6
Philippines,2010,life_expentancy_rate,,Male,,66.1
Philippines,2011,life_expentancy_rate,,Female,,73.1
Philippines,2011,life_expentancy_rate,,Male,,67.6
Philippines,2012,life_expentancy_rate,,Male,,65.2
Philippines,2013,life_expentancy_rate,,Female,,72.2
Philippines,2013,life_expentancy_rate,,Male,,65.4
Singapore,2004,life_expentancy_rate,,Female,,82.0
Singapore,2004,life_expentancy_rate,,Male,,77.1
Singapore,2005,life_expentancy_rate,,Female,,82.5
Singapore,2005,life_expentancy_rate,,Male,,77.6
Singapore,2006,life_expentancy_rate,,Female,,82.6
Singapore,2006,life_expentancy_rate,,Male,,77.8
Singapore,2007,life_expentancy_rate,,Female,,82.9
Singapore,2007,life_expentancy_rate,,Male,,78.1
Singapore,2008,life_expentancy_rate,,Female,,83.3
Singapore,2008,life_expentancy_rate,,Male,,78.4
Singapore,2009,life_expentancy_rate,,Female,,83.7
Singapore,2009,life_expentancy_rate,,Male,,78.9
Singapore,2010,life_expentancy_rate,,Female,,84.0
Singapore,2010,life_expentancy_rate,,Male,,79.2
Singapore,2011,life_expentancy_rate,,Female,,84.1
Singapore,2011,life_expentancy_rate,,Male,,79.5
Singapore,2012,life_expentancy_rate,,Female,,84.3
Singapore,2012,life_expentancy_rate,,Male,,79.8
Singapore,2013,life_expentancy_rate,,Female,,84.5
Singapore,2013,life_expentancy_rate,,Male,,80.1
Singapore,2014,life_expentancy_rate,,Female,,84.9
Singapore,2014,life_expentancy_rate,,Male,,80.5
Thailand,2004,life_expentancy_rate,,Female,,75.0
Thailand,2004,life_expentancy_rate,,Male,,67.9
Thailand,2005,life_expentancy_rate,,Female,,76.8
Thailand,2005,life_expentancy_rate,,Male,,69.7
Thailand,2006,life_expentancy_rate,,Female,,77.6
Thailand,2006,life_expentancy_rate,,Male,,69.9
Thailand,2007,life_expentancy_rate,,Female,,77.0
Thailand,2007,life_expentancy_rate,,Male,,70.1
Thailand,2008,life_expentancy_rate,,Female,,77.1
Thailand,2008,life_expentancy_rate,,Male,,70.3
Thailand,2009,life_expentancy_rate,,Female,,77.3
Thailand,2009,life_expentancy_rate,,Male,,70.4
Thailand,2010,life_expentancy_rate,,Female,,77.4
Thailand,2010,life_expentancy_rate,,Male,,70.6
Thailand,2011,life_expentancy_rate,,Female,,77.5
Thailand,2011,life_expentancy_rate,,Male,,70.8
Thailand,2012,life_expentancy_rate,,Female,,77.6
Thailand,2012,life_expentancy_rate,,Male,,70.9
Thailand,2013,life_expentancy_rate,,Female,,77.8
Thailand,2013,life_expentancy_rate,,Male,,71.1
Vietnam,2004,life_expentancy_rate,,Female,,74.9
Vietnam,2004,life_expentancy_rate,,Male,,69.4
Vietnam,2005,life_expentancy_rate,,Female,,75.0
Vietnam,2005,life_expentancy_rate,,Male,,69.5
Vietnam,2006,life_expentancy_rate,,Female,,75.6
Vietnam,2006,life_expentancy_rate,,Male,,70.2
Vietnam,2007,life_expentancy_rate,,Female,,75.6
Vietnam,2007,life_expentancy_rate,,Male,,70.2
Vietnam,2008,life_expentancy_rate,,Female,,76.0
Vietnam,2008,life_expentancy_rate,,Male,,70.6
Vietnam,2009,life_expentancy_rate,,Female,,75.6
Vietnam,2009,life_expentancy_rate,,Male,,70.2
Vietnam,2010,life_expentancy_rate,,Female,,75.7
Vietnam,2010,life_expentancy_rate,,Male,,70.3
Vietnam,2011,life_expentancy_rate,,Female,,75.8
Vietnam,2011,life_expentancy_rate,,Male,,70.4
Vietnam,2012,life_expentancy_rate,,Female,,75.8
Vietnam,2012,life_expentancy_rate,,Male,,70.5
Vietnam,2013,life_expentancy_rate,,Female,,75.9
Vietnam,2013,life_expentancy_rate,,Male,,70.5
Vietnam,2014,life_expentancy_rate,,Female,,76.0
Vietnam,2014,life_expentancy_rate,,Male,,70.6
Cambodia,2004,malaria_prevalence,,,,800.0
Cambodia,2005,malaria_prevalence,,,,600.0
Cambodia,2006,malaria_prevalence,,,,720.0
Cambodia,2010,malaria_prevalence,,,,407.0
Indonesia,2005,malaria_prevalence,,,,100.0
Indonesia,2010,malaria_prevalence,,,,196.0
Indonesia,2014,malaria_prevalence,,,,39.8
Malaysia,2004,malaria_prevalence,,,,24.1
Malaysia,2005,malaria_prevalence,,,,21.0
Malaysia,2006,malaria_prevalence,,,,19.7
Malaysia,2007,malaria_prevalence,,,,20.1
Malaysia,2008,malaria_prevalence,,,,26.8
Malaysia,2010,malaria_prevalence,,,,25.1
Malaysia,2011,malaria_prevalence,,,,23.5
Myanmar,2004,malaria_prevalence,,,,14.0
Myanmar,2005,malaria_prevalence,,,,10.8
Myanmar,2006,malaria_prevalence,,,,10.5
Myanmar,2007,malaria_prevalence,,,,9.0
Myanmar,2008,malaria_prevalence,,,,11.7
Myanmar,2009,malaria_prevalence,,,,10.0
Myanmar,2010,malaria_prevalence,,,,11.7
Myanmar,2011,malaria_prevalence,,,,11.7
Myanmar,2012,malaria_prevalence,,,,8.1
Myanmar,2013,malaria_prevalence,,,,6.8
Myanmar,2014,malaria_prevalence,,,,4.1
Philippines,2005,malaria_prevalence,,,,56.1
Philippines,2006,malaria_prevalence,,,,40.7
Philippines,2007,malaria_prevalence,,,,41.0
Philippines,2008,malaria_prevalence,,,,26.2
Philippines,2009,malaria_prevalence,,,,21.6
Philippines,2010,malaria_prevalence,,,,21.0
Philippines,2011,malaria_prevalence,,,,9.8
Singapore,2005,malaria_prevalence,,,,3.9
Singapore,2006,malaria_prevalence,,,,4.1
Singapore,2007,malaria_prevalence,,,,3.4
Singapore,2008,malaria_prevalence,,,,3.1
Singapore,2009,malaria_prevalence,,,,3.4
Singapore,2010,malaria_prevalence,,,,3.7
Singapore,2011,malaria_prevalence,,,,2.9
Singapore,2012,malaria_prevalence,,,,2.7
Singapore,2013,malaria_prevalence,,,,2.1
Singapore,2014,malaria_prevalence,,,,1.1
Thailand,2005,malaria_prevalence,,,,45.2
Thailand,2006,malaria_prevalence,,,,46.3
Thailand,2007,malaria_prevalence,,,,49.1
Thailand,2008,malaria_prevalence,,,,45.7
Thailand,2009,malaria_prevalence,,,,36.6
Thailand,2010,malaria_prevalence,,,,40.3
Thailand,2011,malaria_prevalence,,,,33.0
Vietnam,2005,malaria_prevalence,,,,99.3
Vietnam,2006,malaria_prevalence,,,,91.6
Vietnam,2007,malaria_prevalence,,,,70.9
Vietnam,2008,malaria_prevalence,,,,60.5
Vietnam,2009,malaria_prevalence,,,,60.9
Vietnam,2010,malaria_prevalence,,,,62.0
Vietnam,2011,malaria_prevalence,,,,51.6
Brunei,2005,maternal_mortality_rate,,,,14.4
Brunei,2006,maternal_mortality_rate,,,,30.4
Brunei,2007,maternal_mortality_rate,,,,34.2
Brunei,2008,maternal_mortality_rate,,,,0.0
Brunei,2009,maternal_mortality_rate,,,,16.3
Brunei,2010,maternal_mortality_rate,,,,15.6
Brunei,2013,maternal_mortality_rate,,,,27.0
Cambodia,2005,maternal_mortality_rate,,,,472.0
Cambodia,2010,maternal_mortality_rate,,,,206.0
Cambodia,2013,maternal_mortality_rate,,,,170.0
Indonesia,2005,maternal_mortality_rate,,,,268.0
Indonesia,2010,maternal_mortality_rate,,,,169.0
Indonesia,2013,maternal_mortality_rate,,,,190.0
Laos,2005,maternal_mortality_rate,,,,405.0
Laos,2010,maternal_mortality_rate,,,,280.0
Laos,2013,maternal_mortality_rate,,,,220.0
Malaysia,2005,maternal_mortality_rate,,,,28.0
Malaysia,2006,maternal_mortality_rate,,,,27.5
Malaysia,2007,maternal_mortality_rate,,,,29.0
Malaysia,2008,maternal_mortality_rate,,,,27.3
Malaysia,2009,maternal_mortality_rate,,,,27.0
Malaysia,2010,maternal_mortality_rate,,,,26.1
Malaysia,2011,maternal_mortality_rate,,,,26.2
Malaysia,2012,maternal_mortality_rate,,,,25.6
Malaysia,2013,maternal_mortality_rate,,,,29.0
Myanmar,2005,maternal_mortality_rate,,,,250.0
Myanmar,2010,maternal_mortality_rate,,,,233.0
Myanmar,2013,maternal_mortality_rate,,,,200.0
Philippines,2005,maternal_mortality_rate,,,,144.0
Philippines,2010,maternal_mortality_rate,,,,129.0
Philippines,2013,maternal_mortality_rate,,,,120.0
Singapore,2005,maternal_mortality_rate,,,,13.3
Singapore,2006,maternal_mortality_rate,,,,10.4
Singapore,2007,maternal_mortality_rate,,,,7.6
Singapore,2008,maternal_mortality_rate,,,,7.5
Singapore,2009,maternal_mortality_rate,,,,0.0
Singapore,2010,maternal_mortality_rate,,,,2.6
Singapore,2011,maternal_mortality_rate,,,,8.0
Singapore,2012,maternal_mortality_rate,,,,2.0
Singapore,2013,maternal_mortality_rate,,,,3.0
Singapore,2014,maternal_mortality_rate,,,,2.0
Thailand,2006,maternal_mortality_rate,,,,11.7
Thailand,2007,maternal_mortality_rate,,,,12.2
Thailand,2008,maternal_mortality_rate,,,,11.3
Thailand,2009,maternal_mortality_rate,,,,10.8
Thailand,2010,maternal_mortality_rate,,,,10.2
Thailand,2011,maternal_mortality_rate,,,,8.9
Thailand,2012,maternal_mortality_rate,,,,17.6
Thailand,2013,maternal_mortality_rate,,,,26.0
Vietnam,2005,maternal_mortality_rate,,,,80.0
Vietnam,2006,maternal_mortality_rate,,,,75.1
Vietnam,2007,maternal_mortality_rate,,,,75.0
Vietnam,2008,maternal_mortality_rate,,,,76.0
Vietnam,2009,maternal_mortality_rate,,,,69.0
Vietnam,2010,maternal_mortality_rate,,,,69.0
Vietnam,2013,maternal_mortality_rate,,,,49.0
Brunei,2000,nurses_midwife_density,,,,3.921
Brunei,2002,nurses_midwife_density,,,,6.174
Brunei,2004,nurses_midwife_density,,,,5.412
Brunei,2005,nurses_midwife_density,,,,5.543
Brunei,2006,nurses_midwife_density,,,,5.351
Brunei,2007,nurses_midwife_density,,,,5.114
Brunei,2008,nurses_midwife_density,,,,5.097
Brunei,2009,nurses_midwife_density,,,,5.079
Brunei,2010,nurses_midwife_density,,,,7.391
Brunei,2011,nurses_midwife_density,,,,7.856
Brunei,2012,nurses_midwife_density,,,,8.195
Cambodia,1996,nurses_midwife_density,,,,1.055
Cambodia,1998,nurses_midwife_density,,,,1.004
Cambodia,2000,nurses_midwife_density,,,,0.912
Cambodia,2008,nurses_midwife_density,,,,0.842
Cambodia,2009,nurses_midwife_density,,,,0.851
Cambodia,2010,nurses_midwife_density,,,,0.853
Cambodia,2011,nurses_midwife_density,,,,0.87
Cambodia,2012,nurses_midwife_density,,,,0.92
Cambodia,2013,nurses_midwife_density,,,,0.956
Indonesia,1992,nurses_midwife_density,,,,0.626
Indonesia,2003,nurses_midwife_density,,,,0.817
Indonesia,2009,nurses_midwife_density,,,,0.815
Indonesia,2010,nurses_midwife_density,,,,1.062
Indonesia,2012,nurses_midwife_density,,,,1.365
Laos,1995,nurses_midwife_density,,,,1.254
Laos,2000,nurses_midwife_density,,,,1.021
Laos,2004,nurses_midwife_density,,,,0.99
Laos,2005,nurses_midwife_density,,,,0.996
Laos,2009,nurses_midwife_density,,,,0.865
Laos,2012,nurses_midwife_density,,,,0.862
Malaysia,2000,nurses_midwife_density,,,,1.658
Malaysia,2002,nurses_midwife_density,,,,1.778
Malaysia,2008,nurses_midwife_density,,,,2.678
Malaysia,2010,nurses_midwife_density,,,,3.208
Malaysia,2011,nurses_midwife_density,,,,3.397
Myanmar,2005,nurses_midwife_density,,,,0.731
Myanmar,2006,nurses_midwife_density,,,,0.77
Myanmar,2007,nurses_midwife_density,,,,0.791
Myanmar,2008,nurses_midwife_density,,,,0.812
Myanmar,2009,nurses_midwife_density,,,,0.843
Myanmar,2010,nurses_midwife_density,,,,0.874
Myanmar,2011,nurses_midwife_density,,,,0.901
Myanmar,2012,nurses_midwife_density,,,,0.93
Philippines,2000,nurses_midwife_density,,,,2.073
Philippines,2002,nurses_midwife_density,,,,5.916
Philippines,2004,nurses_midwife_density,,,,5.774
Singapore,1999,nurses_midwife_density,,,,4.172
Singapore,2001,nurses_midwife_density,,,,4.324
Singapore,2004,nurses_midwife_density,,,,4.418
Singapore,2005,nurses_midwife_density,,,,4.486
Singapore,2006,nurses_midwife_density,,,,4.535
Singapore,2007,nurses_midwife_density,,,,4.719
Singapore,2008,nurses_midwife_density,,,,4.992
Singapore,2009,nurses_midwife_density,,,,5.396
Singapore,2010,nurses_midwife_density,,,,5.777
Singapore,2011,nurses_midwife_density,,,,5.194
Singapore,2012,nurses_midwife_density,,,,5.55
Singapore,2013,nurses_midwife_density,,,,5.649
Thailand,1991,nurses_midwife_density,,,,0.711
Thailand,1993,nurses_midwife_density,,,,0.801
Thailand,1995,nurses_midwife_density,,,,0.916
Thailand,1997,nurses_midwife_density,,,,0.931
Thailand,1998,nurses_midwife_density,,,,1.04
Thailand,1999,nurses_midwife_density,,,,1.097
Thailand,2001,nurses_midwife_density,,,,1.231
Thailand,2002,nurses_midwife_density,,,,1.32
Thailand,2004,nurses_midwife_density,,,,1.479
Thailand,2006,nurses_midwife_density,,,,1.536
Thailand,2007,nurses_midwife_density,,,,1.524
Thailand,2008,nurses_midwife_density,,,,1.586
Thailand,2009,nurses_midwife_density,,,,1.65
Thailand,2010,nurses_midwife_density,,,,2.08
Vietnam,2001,nurses_midwife_density,,,,0.73
Vietnam,2002,nurses_midwife_density,,,,0.755
Vietnam,2005,nurses_midwife_density,,,,0.827
Vietnam,2006,nurses_midwife_density,,,,0.876
Vietnam,2007,nurses_midwife_density,,,,0.946
Vietnam,2008,nurses_midwife_density,,,,1.017
Vietnam,2009,nurses_midwife_density,,,,0.968
Vietnam,2010,nurses_midwife_density,,,,1.064
Vietnam,2011,nurses_midwife_density,,,,1.13
Vietnam,2012,nurses_midwife_density,,,,1.274
Vietnam,2013,nurses_midwife_density,,,,1.226
Brunei,2000,pharmaceutical_worker_density,,,,0.272
Brunei,2002,pharmaceutical_worker_density,,,,0.087
Brunei,2004,pharmaceutical_worker_density,,,,0.115
Brunei,2005,pharmaceutical_worker_density,,,,0.113
Brunei,2006,pharmaceutical_worker_density,,,,0.111
Brunei,2007,pharmaceutical_worker_density,,,,0.112
Brunei,2008,pharmaceutical_worker_density,,,,0.118
Brunei,2009,pharmaceutical_worker_density,,,,0.109
Brunei,2010,pharmaceutical_worker_density,,,,0.109
Brunei,2011,pharmaceutical_worker_density,,,,0.12
Brunei,2012,pharmaceutical_worker_density,,,,0.412
Cambodia,1996,pharmaceutical_worker_density,,,,0.045
Cambodia,1998,pharmaceutical_worker_density,,,,0.053
Cambodia,2000,pharmaceutical_worker_density,,,,0.046
Cambodia,2008,pharmaceutical_worker_density,,,,0.041
Cambodia,2009,pharmaceutical_worker_density,,,,0.039
Cambodia,2010,pharmaceutical_worker_density,,,,0.038
Cambodia,2012,pharmaceutical_worker_density,,,,0.038
Cambodia,2013,pharmaceutical_worker_density,,,,0.04
Indonesia,1992,pharmaceutical_worker_density,,,,0.024
Indonesia,2003,pharmaceutical_worker_density,,,,0.034
Indonesia,2009,pharmaceutical_worker_density,,,,0.045
Indonesia,2010,pharmaceutical_worker_density,,,,0.075
Indonesia,2012,pharmaceutical_worker_density,,,,0.103
Laos,2012,pharmaceutical_worker_density,,,,0.114
Malaysia,2000,pharmaceutical_worker_density,,,,0.1
Malaysia,2002,pharmaceutical_worker_density,,,,0.118
Malaysia,2007,pharmaceutical_worker_density,,,,0.171
Malaysia,2010,pharmaceutical_worker_density,,,,0.394
Malaysia,2011,pharmaceutical_worker_density,,,,0.434
Myanmar,2004,pharmaceutical_worker_density,,,,0.003
Philippines,2000,pharmaceutical_worker_density,,,,0.032
Philippines,2002,pharmaceutical_worker_density,,,,0.57
Philippines,2004,pharmaceutical_worker_density,,,,0.587
Philippines,2011,pharmaceutical_worker_density,,,,0.889
Singapore,1999,pharmaceutical_worker_density,,,,0.273
Singapore,2001,pharmaceutical_worker_density,,,,0.284
Singapore,2003,pharmaceutical_worker_density,,,,0.301
Singapore,2004,pharmaceutical_worker_density,,,,0.294
Singapore,2005,pharmaceutical_worker_density,,,,0.296
Singapore,2006,pharmaceutical_worker_density,,,,0.308
Singapore,2007,pharmaceutical_worker_density,,,,0.313
Singapore,2008,pharmaceutical_worker_density,,,,0.319
Singapore,2009,pharmaceutical_worker_density,,,,0.334
Singapore,2010,pharmaceutical_worker_density,,,,0.357
Singapore,2011,pharmaceutical_worker_density,,,,0.388
Singapore,2012,pharmaceutical_worker_density,,,,0.374
Singapore,2013,pharmaceutical_worker_density,,,,0.404
Thailand,1991,pharmaceutical_worker_density,,,,0.076
Thailand,1993,pharmaceutical_worker_density,,,,0.081
Thailand,1995,pharmaceutical_worker_density,,,,0.099
Thailand,1997,pharmaceutical_worker_density,,,,0.098
Thailand,1998,pharmaceutical_worker_density,,,,0.097
Thailand,1999,pharmaceutical_worker_density,,,,0.098
Thailand,2001,pharmaceutical_worker_density,,,,0.108
Thailand,2002,pharmaceutical_worker_density,,,,0.115
Thailand,2004,pharmaceutical_worker_density,,,,0.113
Thailand,2006,pharmaceutical_worker_density,,,,0.12
Thailand,2007,pharmaceutical_worker_density,,,,0.12
Thailand,2008,pharmaceutical_worker_density,,,,0.129
Thailand,2009,pharmaceutical_worker_density,,,,0.126
Thailand,2010,pharmaceutical_worker_density,,,,0.13
Vietnam,2001,pharmaceutical_worker_density,,,,0.074
Vietnam,2002,pharmaceutical_worker_density,,,,0.294
Vietnam,2005,pharmaceutical_worker_density,,,,0.276
Vietnam,2006,pharmaceutical_worker_density,,,,0.284
Vietnam,2007,pharmaceutical_worker_density,,,,0.31
Vietnam,2008,pharmaceutical_worker_density,,,,0.328
Vietnam,2011,pharmaceutical_worker_density,,,,0.31
Brunei,2000,physicans_density,,,,1.016
Brunei,2002,physicans_density,,,,1.165
Brunei,2004,physicans_density,,,,1.302
Brunei,2005,physicans_density,,,,1.078
Brunei,2006,physicans_density,,,,1.084
Brunei,2007,physicans_density,,,,1.05
Brunei,2008,physicans_density,,,,1.481
Brunei,2009,physicans_density,,,,1.15
Brunei,2010,physicans_density,,,,1.431
Brunei,2011,physicans_density,,,,1.522
Brunei,2012,physicans_density,,,,1.47
Cambodia,1996,physicans_density,,,,0.113
Cambodia,1998,physicans_density,,,,0.147
Cambodia,2000,physicans_density,,,,0.168
Cambodia,2008,physicans_density,,,,0.244
Cambodia,2009,physicans_density,,,,0.237
Cambodia,2010,physicans_density,,,,0.229
Cambodia,2011,physicans_density,,,,0.226
Cambodia,2012,physicans_density,,,,0.165
Cambodia,2013,physicans_density,,,,0.168
Indonesia,1993,physicans_density,,,,0.058
Indonesia,2003,physicans_density,,,,0.134
Indonesia,2009,physicans_density,,,,0.145
Indonesia,2010,physicans_density,,,,0.14
Indonesia,2012,physicans_density,,,,0.201
Laos,1995,physicans_density,,,,0.341
Laos,2000,physicans_density,,,,0.284
Laos,2004,physicans_density,,,,0.353
Laos,2005,physicans_density,,,,0.281
Laos,2009,physicans_density,,,,0.197
Laos,2012,physicans_density,,,,0.179
Malaysia,2000,physicans_density,,,,0.689
Malaysia,2002,physicans_density,,,,0.697
Malaysia,2008,physicans_density,,,,0.923
Malaysia,2010,physicans_density,,,,1.173
Malaysia,2011,physicans_density,,,,1.281
Myanmar,2004,physicans_density,,,,0.359
Myanmar,2005,physicans_density,,,,0.372
Myanmar,2006,physicans_density,,,,0.407
Myanmar,2007,physicans_density,,,,0.43
Myanmar,2008,physicans_density,,,,0.465
Myanmar,2009,physicans_density,,,,0.478
Myanmar,2010,physicans_density,,,,0.511
Myanmar,2011,physicans_density,,,,0.539
Myanmar,2012,physicans_density,,,,0.568
Philippines,2000,physicans_density,,,,0.568
Philippines,2002,physicans_density,,,,1.112
Philippines,2004,physicans_density,,,,1.11
Singapore,1999,physicans_density,,,,1.393
Singapore,2001,physicans_density,,,,1.428
Singapore,2003,physicans_density,,,,1.5
Singapore,2004,physicans_density,,,,1.484
Singapore,2005,physicans_density,,,,1.501
Singapore,2006,physicans_density,,,,1.502
Singapore,2007,physicans_density,,,,1.56
Singapore,2008,physicans_density,,,,1.617
Singapore,2009,physicans_density,,,,1.676
Singapore,2010,physicans_density,,,,1.736
Singapore,2011,physicans_density,,,,1.747
Singapore,2012,physicans_density,,,,1.82
Singapore,2013,physicans_density,,,,1.913
Thailand,1991,physicans_density,,,,0.224
Thailand,1993,physicans_density,,,,0.234
Thailand,1995,physicans_density,,,,0.239
Thailand,1997,physicans_density,,,,0.274
Thailand,1998,physicans_density,,,,0.293
Thailand,1999,physicans_density,,,,0.293
Thailand,2001,physicans_density,,,,0.299
Thailand,2002,physicans_density,,,,0.296
Thailand,2004,physicans_density,,,,0.289
Thailand,2006,physicans_density,,,,0.286
Thailand,2007,physicans_density,,,,0.295
Thailand,2008,physicans_density,,,,0.317
Thailand,2009,physicans_density,,,,0.34
Thailand,2010,physicans_density,,,,0.394
Vietnam,2001,physicans_density,,,,0.522
Vietnam,2002,physicans_density,,,,0.549
Vietnam,2005,physicans_density,,,,1.201
Vietnam,2006,physicans_density,,,,1.196
Vietnam,2007,physicans_density,,,,1.208
Vietnam,2008,physicans_density,,,,1.237
Vietnam,2009,physicans_density,,,,1.124
Vietnam,2010,physicans_density,,,,1.127
Vietnam,2011,physicans_density,,,,1.152
Vietnam,2012,physicans_density,,,,1.266
Vietnam,2013,physicans_density,,,,1.18
Brunei,2004,tb_prevalence,,,,54.0
Brunei,2005,tb_prevalence,,,,224.0
Brunei,2006,tb_prevalence,,,,240.0
Brunei,2007,tb_prevalence,,,,272.0
Brunei,2008,tb_prevalence,,,,286.0
Brunei,2009,tb_prevalence,,,,291.0
Brunei,2010,tb_prevalence,,,,311.0
Cambodia,2004,tb_prevalence,,,,510.0
Cambodia,2005,tb_prevalence,,,,676.0
Cambodia,2006,tb_prevalence,,,,664.0
Cambodia,2007,tb_prevalence,,,,697.0
Cambodia,2008,tb_prevalence,,,,693.0
Cambodia,2009,tb_prevalence,,,,681.0
Cambodia,2010,tb_prevalence,,,,125.0
Cambodia,2011,tb_prevalence,,,,817.0
Cambodia,2012,tb_prevalence,,,,764.0
Indonesia,2004,tb_prevalence,,,,245.0
Indonesia,2005,tb_prevalence,,,,260.0
Indonesia,2011,tb_prevalence,,,,281.0
Indonesia,2012,tb_prevalence,,,,297.0
Laos,2006,tb_prevalence,,,,4269.0
Laos,2011,tb_prevalence,,,,540.0
Laos,2012,tb_prevalence,,,,514.0
Malaysia,2004,tb_prevalence,,,,60.0
Malaysia,2005,tb_prevalence,,,,60.4
Malaysia,2006,tb_prevalence,,,,62.1
Malaysia,2007,tb_prevalence,,,,62.2
Malaysia,2008,tb_prevalence,,,,63.5
Malaysia,2009,tb_prevalence,,,,64.9
Malaysia,2010,tb_prevalence,,,,68.4
Malaysia,2011,tb_prevalence,,,,101.0
Malaysia,2012,tb_prevalence,,,,101.0
Myanmar,2005,tb_prevalence,,,,647.0
Myanmar,2008,tb_prevalence,,,,564.0
Myanmar,2009,tb_prevalence,,,,544.0
Myanmar,2010,tb_prevalence,,,,525.0
Myanmar,2011,tb_prevalence,,,,506.0
Myanmar,2012,tb_prevalence,,,,489.0
Myanmar,2013,tb_prevalence,,,,473.0
Myanmar,2014,tb_prevalence,,,,457.0
Philippines,2004,tb_prevalence,,,,293.0
Philippines,2005,tb_prevalence,,,,162.2
Philippines,2006,tb_prevalence,,,,151.5
Philippines,2007,tb_prevalence,,,,151.6
Philippines,2008,tb_prevalence,,,,273.1
Philippines,2009,tb_prevalence,,,,340.4
Philippines,2010,tb_prevalence,,,,97.0
Philippines,2011,tb_prevalence,,,,292.4
Philippines,2012,tb_prevalence,,,,461.0
Singapore,2004,tb_prevalence,,,,40.0
Singapore,2005,tb_prevalence,,,,37.2
Singapore,2006,tb_prevalence,,,,35.9
Singapore,2007,tb_prevalence,,,,35.0
Singapore,2008,tb_prevalence,,,,40.3
Singapore,2009,tb_prevalence,,,,39.4
Singapore,2010,tb_prevalence,,,,39.9
Singapore,2011,tb_prevalence,,,,41.0
Singapore,2012,tb_prevalence,,,,41.5
Singapore,2013,tb_prevalence,,,,37.6
Singapore,2014,tb_prevalence,,,,36.9
Thailand,2004,tb_prevalence,,,,142.0
Thailand,2005,tb_prevalence,,,,51.9
Thailand,2006,tb_prevalence,,,,53.4
Thailand,2007,tb_prevalence,,,,53.8
Thailand,2008,tb_prevalence,,,,54.3
Thailand,2009,tb_prevalence,,,,63.1
Thailand,2010,tb_prevalence,,,,63.7
Thailand,2011,tb_prevalence,,,,66.9
Thailand,2012,tb_prevalence,,,,159.0
Vietnam,2004,tb_prevalence,,,,176.0
Vietnam,2005,tb_prevalence,,,,116.0
Vietnam,2006,tb_prevalence,,,,118.0
Vietnam,2007,tb_prevalence,,,,117.0
Vietnam,2008,tb_prevalence,,,,116.0
Vietnam,2009,tb_prevalence,,,,114.0
Vietnam,2010,tb_prevalence,,,,62.0
Vietnam,2011,tb_prevalence,,,,323.0
Vietnam,2012,tb_prevalence,,,,218.0
Brunei,2004,under_5_mortality_rate,,,,9.8
Brunei,2005,under_5_mortality_rate,,,,9.5
Brunei,2006,under_5_mortality_rate,,,,9.2
Brunei,2007,under_5_mortality_rate,,,,9.5
Brunei,2008,under_5_mortality_rate,,,,9.5
Brunei,2009,under_5_mortality_rate,,,,8.2
Brunei,2010,under_5_mortality_rate,,,,7.2
Brunei,2011,under_5_mortality_rate,,,,10.0
Brunei,2012,under_5_mortality_rate,,,,10.3
Brunei,2013,under_5_mortality_rate,,,,9.7
Brunei,2014,under_5_mortality_rate,,,,8.7
Cambodia,2005,under_5_mortality_rate,,,,83.0
Cambodia,2010,under_5_mortality_rate,,,,54.0
Cambodia,2011,under_5_mortality_rate,,,,43.0
Cambodia,2012,under_5_mortality_rate,,,,40.0
Indonesia,2005,under_5_mortality_rate,,,,45.0
Indonesia,2010,under_5_mortality_rate,,,,42.0
Indonesia,2011,under_5_mortality_rate,,,,32.0
Indonesia,2012,under_5_mortality_rate,,,,40.0
Laos,2005,under_5_mortality_rate,,,,97.6
Laos,2006,under_5_mortality_rate,,,,93.0
Laos,2007,under_5_mortality_rate,,,,88.6
Laos,2008,under_5_mortality_rate,,,,84.4
Laos,2009,under_5_mortality_rate,,,,80.4
Laos,2010,under_5_mortality_rate,,,,76.4
Laos,2011,under_5_mortality_rate,,,,79.0
Laos,2012,under_5_mortality_rate,,,,68.4
Laos,2013,under_5_mortality_rate,,,,64.3
Malaysia,2005,under_5_mortality_rate,,,,8.5
Malaysia,2006,under_5_mortality_rate,,,,7.9
Malaysia,2007,under_5_mortality_rate,,,,7.9
Malaysia,2008,under_5_mortality_rate,,,,8.0
Malaysia,2009,under_5_mortality_rate,,,,8.5
Malaysia,2010,under_5_mortality_rate,,,,8.5
Malaysia,2012,under_5_mortality_rate,,,,9.0
Myanmar,2005,under_5_mortality_rate,,,,70.8
Myanmar,2006,under_5_mortality_rate,,,,66.2
Myanmar,2007,under_5_mortality_rate,,,,64.3
Myanmar,2008,under_5_mortality_rate,,,,40.7
Myanmar,2009,under_5_mortality_rate,,,,36.5
Myanmar,2010,under_5_mortality_rate,,,,34.9
Myanmar,2011,under_5_mortality_rate,,,,33.9
Myanmar,2012,under_5_mortality_rate,,,,29.6
Philippines,2004,under_5_mortality_rate,,,,40.0
Philippines,2005,under_5_mortality_rate,,,,34.0
Philippines,2006,under_5_mortality_rate,,,,32.0
Philippines,2010,under_5_mortality_rate,,,,36.0
Philippines,2011,under_5_mortality_rate,,,,25.0
Singapore,2004,under_5_mortality_rate,,,,3.0
Singapore,2005,under_5_mortality_rate,,,,2.9
Singapore,2006,under_5_mortality_rate,,,,2.9
Singapore,2007,under_5_mortality_rate,,,,2.9
Singapore,2008,under_5_mortality_rate,,,,2.7
Singapore,2009,under_5_mortality_rate,,,,2.8
Singapore,2010,under_5_mortality_rate,,,,2.9
Singapore,2011,under_5_mortality_rate,,,,2.9
Singapore,2012,under_5_mortality_rate,,,,2.7
Singapore,2013,under_5_mortality_rate,,,,2.6
Singapore,2014,under_5_mortality_rate,,,,2.6
Thailand,2004,under_5_mortality_rate,,,,11.3
Thailand,2005,under_5_mortality_rate,,,,10.8
Thailand,2006,under_5_mortality_rate,,,,10.4
Thailand,2007,under_5_mortality_rate,,,,10.0
Thailand,2008,under_5_mortality_rate,,,,9.9
Thailand,2009,under_5_mortality_rate,,,,9.8
Thailand,2010,under_5_mortality_rate,,,,9.8
Thailand,2011,under_5_mortality_rate,,,,9.0
Thailand,2012,under_5_mortality_rate,,,,9.0
Thailand,2013,under_5_mortality_rate,,,,9.0
Vietnam,2004,under_5_mortality_rate,,,,26.8
Vietnam,2005,under_5_mortality_rate,,,,24.1
Vietnam,2006,under_5_mortality_rate,,,,24.1
Vietnam,2007,under_5_mortality_rate,,,,22.5
Vietnam,2008,under_5_mortality_rate,,,,24.1
Vietnam,2009,under_5_mortality_rate,,,,23.8
Vietnam,2010,under_5_mortality_rate,,,,23.3
Vietnam,2011,under_5_mortality_rate,,,,23.2
Vietnam,2012,under_5_mortality_rate,,,,23.1
Vietnam,2013,under_5_mortality_rate,,,,22.4
Brunei,1991,undernourished_population,,,,5.0
Brunei,1992,undernourished_population,,,,5.0
Brunei,1993,undernourished_population,,,,5.0
Brunei,1994,undernourished_population,,,,5.0
Brunei,1995,undernourished_population,,,,5.0
Brunei,1996,undernourished_population,,,,5.0
Brunei,1997,undernourished_population,,,,5.0
Brunei,1998,undernourished_population,,,,5.0
Brunei,1999,undernourished_population,,,,5.0
Brunei,2000,undernourished_population,,,,5.0
Brunei,2001,undernourished_population,,,,5.0
Brunei,2002,undernourished_population,,,,5.0
Brunei,2003,undernourished_population,,,,5.0
Brunei,2004,undernourished_population,,,,5.0
Brunei,2005,undernourished_population,,,,5.0
Brunei,2006,undernourished_population,,,,5.0
Brunei,2007,undernourished_population,,,,5.0
Brunei,2008,undernourished_population,,,,5.0
Brunei,2009,undernourished_population,,,,5.0
Brunei,2010,undernourished_population,,,,5.0
Brunei,2011,undernourished_population,,,,5.0
Brunei,2012,undernourished_population,,,,5.0
Brunei,2013,undernourished_population,,,,5.0
Brunei,2014,undernourished_population,,,,5.0
Brunei,2015,undernourished_population,,,,5.0
Cambodia,1991,undernourished_population,,,,32.1
Cambodia,1992,undernourished_population,,,,29.7
Cambodia,1993,undernourished_population,,,,29.0
Cambodia,1994,undernourished_population,,,,28.3
Cambodia,1995,undernourished_population,,,,29.4
Cambodia,1996,undernourished_population,,,,32.0
Cambodia,1997,undernourished_population,,,,35.4
Cambodia,1998,undernourished_population,,,,36.8
Cambodia,1999,undernourished_population,,,,35.3
Cambodia,2000,undernourished_population,,,,32.0
Cambodia,2001,undernourished_population,,,,28.5
Cambodia,2002,undernourished_population,,,,25.9
Cambodia,2003,undernourished_population,,,,23.6
Cambodia,2004,undernourished_population,,,,22.1
Cambodia,2005,undernourished_population,,,,20.8
Cambodia,2006,undernourished_population,,,,19.6
Cambodia,2007,undernourished_population,,,,18.3
Cambodia,2008,undernourished_population,,,,17.5
Cambodia,2009,undernourished_population,,,,17.1
Cambodia,2010,undernourished_population,,,,17.0
Cambodia,2011,undernourished_population,,,,16.8
Cambodia,2012,undernourished_population,,,,16.4
Cambodia,2013,undernourished_population,,,,15.7
Cambodia,2014,undernourished_population,,,,15.0
Cambodia,2015,undernourished_population,,,,14.2
Indonesia,1991,undernourished_population,,,,19.7
Indonesia,1992,undernourished_population,,,,19.0
Indonesia,1993,undernourished_population,,,,18.1
Indonesia,1994,undernourished_population,,,,16.8
Indonesia,1995,undernourished_population,,,,15.6
Indonesia,1996,undernourished_population,,,,14.7
Indonesia,1997,undernourished_population,,,,14.6
Indonesia,1998,undernourished_population,,,,15.3
Indonesia,1999,undernourished_population,,,,16.2
Indonesia,2000,undernourished_population,,,,17.2
Indonesia,2001,undernourished_population,,,,18.1
Indonesia,2002,undernourished_population,,,,18.7
Indonesia,2003,undernourished_population,,,,18.8
Indonesia,2004,undernourished_population,,,,18.7
Indonesia,2005,undernourished_population,,,,18.8
Indonesia,2006,undernourished_population,,,,18.8
Indonesia,2007,undernourished_population,,,,18.5
Indonesia,2008,undernourished_population,,,,17.7
Indonesia,2009,undernourished_population,,,,15.9
Indonesia,2010,undernourished_population,,,,13.5
Indonesia,2011,undernourished_population,,,,11.1
Indonesia,2012,undernourished_population,,,,9.3
Indonesia,2013,undernourished_population,,,,8.2
Indonesia,2014,undernourished_population,,,,7.6
Indonesia,2015,undernourished_population,,,,7.6
Laos,1991,undernourished_population,,,,42.8
Laos,1992,undernourished_population,,,,43.6
Laos,1993,undernourished_population,,,,44.1
Laos,1994,undernourished_population,,,,44.5
Laos,1995,undernourished_population,,,,44.1
Laos,1996,undernourished_population,,,,43.1
Laos,1997,undernourished_population,,,,41.8
Laos,1998,undernourished_population,,,,41.1
Laos,1999,undernourished_population,,,,40.0
Laos,2000,undernourished_population,,,,39.2
Laos,2001,undernourished_population,,,,37.9
Laos,2002,undernourished_population,,,,36.7
Laos,2003,undernourished_population,,,,34.8
Laos,2004,undernourished_population,,,,32.2
Laos,2005,undernourished_population,,,,29.5
Laos,2006,undernourished_population,,,,26.9
Laos,2007,undernourished_population,,,,25.6
Laos,2008,undernourished_population,,,,24.7
Laos,2009,undernourished_population,,,,24.2
Laos,2010,undernourished_population,,,,22.8
Laos,2011,undernourished_population,,,,21.4
Laos,2012,undernourished_population,,,,20.1
Laos,2013,undernourished_population,,,,19.4
Laos,2014,undernourished_population,,,,18.9
Laos,2015,undernourished_population,,,,18.5
Malaysia,1991,undernourished_population,,,,5.1
Malaysia,1992,undernourished_population,,,,5.0
Malaysia,1993,undernourished_population,,,,5.0
Malaysia,1994,undernourished_population,,,,5.0
Malaysia,1995,undernourished_population,,,,5.0
Malaysia,1996,undernourished_population,,,,5.0
Malaysia,1997,undernourished_population,,,,5.0
Malaysia,1998,undernourished_population,,,,5.0
Malaysia,1999,undernourished_population,,,,5.0
Malaysia,2000,undernourished_population,,,,5.0
Malaysia,2001,undernourished_population,,,,5.0
Malaysia,2002,undernourished_population,,,,5.0
Malaysia,2003,undernourished_population,,,,5.0
Malaysia,2004,undernourished_population,,,,5.0
Malaysia,2005,undernourished_population,,,,5.0
Malaysia,2006,undernourished_population,,,,5.0
Malaysia,2007,undernourished_population,,,,5.0
Malaysia,2008,undernourished_population,,,,5.0
Malaysia,2009,undernourished_population,,,,5.0
Malaysia,2010,undernourished_population,,,,5.0
Malaysia,2011,undernourished_population,,,,5.0
Malaysia,2012,undernourished_population,,,,5.0
Malaysia,2013,undernourished_population,,,,5.0
Malaysia,2014,undernourished_population,,,,5.0
Malaysia,2015,undernourished_population,,,,5.0
Myanmar,1991,undernourished_population,,,,62.6
Myanmar,1992,undernourished_population,,,,62.7
Myanmar,1993,undernourished_population,,,,62.5
Myanmar,1994,undernourished_population,,,,61.6
Myanmar,1995,undernourished_population,,,,60.7
Myanmar,1996,undernourished_population,,,,58.8
Myanmar,1997,undernourished_population,,,,57.0
Myanmar,1998,undernourished_population,,,,55.3
Myanmar,1999,undernourished_population,,,,54.2
Myanmar,2000,undernourished_population,,,,52.4
Myanmar,2001,undernourished_population,,,,49.6
Myanmar,2002,undernourished_population,,,,46.3
Myanmar,2003,undernourished_population,,,,42.9
Myanmar,2004,undernourished_population,,,,39.9
Myanmar,2005,undernourished_population,,,,36.9
Myanmar,2006,undernourished_population,,,,33.7
Myanmar,2007,undernourished_population,,,,30.1
Myanmar,2008,undernourished_population,,,,26.4
Myanmar,2009,undernourished_population,,,,23.0
Myanmar,2010,undernourished_population,,,,20.2
Myanmar,2011,undernourished_population,,,,18.0
Myanmar,2012,undernourished_population,,,,16.5
Myanmar,2013,undernourished_population,,,,15.5
Myanmar,2014,undernourished_population,,,,14.9
Myanmar,2015,undernourished_population,,,,14.2
Philippines,1991,undernourished_population,,,,26.3
Philippines,1992,undernourished_population,,,,27.0
Philippines,1993,undernourished_population,,,,26.4
Philippines,1994,undernourished_population,,,,26.0
Philippines,1995,undernourished_population,,,,24.7
Philippines,1996,undernourished_population,,,,23.7
Philippines,1997,undernourished_population,,,,22.8
Philippines,1998,undernourished_population,,,,22.7
Philippines,1999,undernourished_population,,,,22.2
Philippines,2000,undernourished_population,,,,21.3
Philippines,2001,undernourished_population,,,,20.3
Philippines,2002,undernourished_population,,,,19.7
Philippines,2003,undernourished_population,,,,19.2
Philippines,2004,undernourished_population,,,,18.6
Philippines,2005,undernourished_population,,,,17.6
Philippines,2006,undernourished_population,,,,16.4
Philippines,2007,undernourished_population,,,,15.0
Philippines,2008,undernourished_population,,,,13.8
Philippines,2009,undernourished_population,,,,13.0
Philippines,2010,undernourished_population,,,,13.0
Philippines,2011,undernourished_population,,,,13.4
Philippines,2012,undernourished_population,,,,13.9
Philippines,2013,undernourished_population,,,,14.0
Philippines,2014,undernourished_population,,,,13.9
Philippines,2015,undernourished_population,,,,13.5
Thailand,1991,undernourished_population,,,,34.6
Thailand,1992,undernourished_population,,,,33.2
Thailand,1993,undernourished_population,,,,32.6
Thailand,1994,undernourished_population,,,,30.8
Thailand,1995,undernourished_population,,,,27.9
Thailand,1996,undernourished_population,,,,24.8
Thailand,1997,undernourished_population,,,,21.6
Thailand,1998,undernourished_population,,,,20.1
Thailand,1999,undernourished_population,,,,19.3
Thailand,2000,undernourished_population,,,,19.0
Thailand,2001,undernourished_population,,,,18.4
Thailand,2002,undernourished_population,,,,17.5
Thailand,2003,undernourished_population,,,,16.3
Thailand,2004,undernourished_population,,,,15.0
Thailand,2005,undernourished_population,,,,13.4
Thailand,2006,undernourished_population,,,,11.7
Thailand,2007,undernourished_population,,,,10.4
Thailand,2008,undernourished_population,,,,9.7
Thailand,2009,undernourished_population,,,,9.5
Thailand,2010,undernourished_population,,,,9.3
Thailand,2011,undernourished_population,,,,8.9
Thailand,2012,undernourished_population,,,,8.6
Thailand,2013,undernourished_population,,,,8.3
Thailand,2014,undernourished_population,,,,7.9
Thailand,2015,undernourished_population,,,,7.4
Vietnam,1991,undernourished_population,,,,45.6
Vietnam,1992,undernourished_population,,,,44.8
Vietnam,1993,undernourished_population,,,,41.3
Vietnam,1994,undernourished_population,,,,37.9
Vietnam,1995,undernourished_population,,,,35.5
Vietnam,1996,undernourished_population,,,,35.1
Vietnam,1997,undernourished_population,,,,35.1
Vietnam,1998,undernourished_population,,,,34.2
Vietnam,1999,undernourished_population,,,,31.4
Vietnam,2000,undernourished_population,,,,28.1
Vietnam,2001,undernourished_population,,,,25.4
Vietnam,2002,undernourished_population,,,,23.3
Vietnam,2003,undernourished_population,,,,21.4
Vietnam,2004,undernourished_population,,,,19.9
Vietnam,2005,undernourished_population,,,,19.0
Vietnam,2006,undernourished_population,,,,18.5
Vietnam,2007,undernourished_population,,,,17.8
Vietnam,2008,undernourished_population,,,,16.8
Vietnam,2009,undernourished_population,,,,15.6
Vietnam,2010,undernourished_population,,,,14.5
Vietnam,2011,undernourished_population,,,,13.6
Vietnam,2012,undernourished_population,,,,13.0
Vietnam,2013,undernourished_population,,,,12.5
Vietnam,2014,undernourished_population,,,,11.8
Vietnam,2015,undernourished_population,,,,11.0
Brunei,2000,underweight_children,,,,38.9
Brunei,2005,underweight_children,,,,35.2
Brunei,2010,underweight_children,,,,29.1
Cambodia,1996,underweight_children,,,,42.6
Cambodia,2000,underweight_children,,,,39.5
Cambodia,2005,underweight_children,,,,28.4
Cambodia,2008,underweight_children,,,,28.8
Cambodia,2010,underweight_children,,,,29.0
Indonesia,1992,underweight_children,,,,29.8
Indonesia,1995,underweight_children,,,,30.3
Indonesia,1998,underweight_children,,,,25.8
Indonesia,1999,underweight_children,,,,22.8
Indonesia,2000,underweight_children,,,,24.8
Indonesia,2001,underweight_children,,,,23.4
Indonesia,2002,underweight_children,,,,23.0
Indonesia,2003,underweight_children,,,,23.1
Indonesia,2004,underweight_children,,,,19.7
Indonesia,2005,underweight_children,,,,24.4
Indonesia,2007,underweight_children,,,,19.6
Indonesia,2010,underweight_children,,,,18.6
Indonesia,2013,underweight_children,,,,19.9
Laos,1993,underweight_children,,,,39.8
Laos,1994,underweight_children,,,,35.9
Laos,2000,underweight_children,,,,36.4
Laos,2006,underweight_children,,,,31.6
Laos,2011,underweight_children,,,,26.5
Malaysia,1990,underweight_children,,,,22.1
Malaysia,1991,underweight_children,,,,23.1
Malaysia,1992,underweight_children,,,,22.6
Malaysia,1993,underweight_children,,,,20.5
Malaysia,1994,underweight_children,,,,19.7
Malaysia,1995,underweight_children,,,,17.7
Malaysia,1999,underweight_children,,,,16.7
Malaysia,2006,underweight_children,,,,12.9
Myanmar,1990,underweight_children,,,,32.5
Myanmar,1991,underweight_children,,,,37.0
Myanmar,1994,underweight_children,,,,31.2
Myanmar,1995,underweight_children,,,,38.7
Myanmar,1997,underweight_children,,,,28.1
Myanmar,2000,underweight_children,,,,30.1
Myanmar,2003,underweight_children,,,,29.6
Myanmar,2009,underweight_children,,,,22.6
Philippines,1990,underweight_children,,,,29.9
Philippines,1992,underweight_children,,,,29.8
Philippines,1993,underweight_children,,,,26.3
Philippines,1998,underweight_children,,,,28.3
Philippines,2003,underweight_children,,,,20.7
Philippines,2008,underweight_children,,,,20.7
Philippines,2011,underweight_children,,,,20.2
Philippines,2013,underweight_children,,,,19.9
Singapore,2000,underweight_children,,,,3.3
Thailand,1993,underweight_children,,,,16.3
Thailand,1995,underweight_children,,,,15.4
Thailand,2006,underweight_children,,,,7.0
Thailand,2012,underweight_children,,,,9.2
Vietnam,1993,underweight_children,,,,36.9
Vietnam,1994,underweight_children,,,,40.6
Vietnam,1998,underweight_children,,,,35.8
Vietnam,1999,underweight_children,,,,31.1
Vietnam,2000,underweight_children,,,,26.7
Vietnam,2002,underweight_children,,,,23.4
Vietnam,2003,underweight_children,,,,24.6
Vietnam,2004,underweight_children,,,,23.8
Vietnam,2005,underweight_children,,,,22.7
Vietnam,2006,underweight_children,,,,22.1
Vietnam,2007,underweight_children,,,,22.6
Vietnam,2008,underweight_children,,,,20.2
Vietnam,2010,underweight_children,,,,17.5
Vietnam,2011,underweight_children,,,,12.0
